,ID,6,7,8,9,10,11,12,13,14,15,16,17,18,19,20,21,22,23,24,25,26,27,28,29,30,31,32,33,34,35,36,37,38,39,40,41,42,43,44,45,46,47,48,49,50,51,52,53,54,55,56,57,58,59,60,61,62,63,64,65,66,67,68,69,70,71,72,73,74,75,76,77,78,79,80,81,82,83,84
Big_cycle,1003_cycle_com1,,,0.106533646,0.031367647,0.010302624,0.102880058,0.134143674,0.279172839,0.405546972,0.477152924,0.169078057,0.134157647,0.185702205,0.265854109,0.024446659,0.056091786,0.010603858,0.001157167,0.000726901,0.064957896,0.089345299,0.007337255,0.004383914,0.005815064,0.018635304,0.139838683,0.031787774,0.065189545,0.265792058,0.371194611,0.123026466,0.936632988,1,0.189618424,0.304645344,0.305358931,0.072544648,0.1801109,0.010500907,0.004703894,0.001134392,0.006339905,0.00236741,0,0.018045523,0.008844282,0.046305279,0.024790116,0,0.074171986,0.06503901,0.021165563,0.023040886,0.109464016,0.756534526,0.436645948,0.211690385,0.073216222,0.005129963,0.007495843,0.002264978,0.008908184,0.050325952,0.003035526,0,0,0,0,5.62E-05,0.00019843,0.003372102,0,0,0,0,0.025680128,,,
Big_cycle,1003_cycle_com2,,,0.623797121,0.187842705,0.292178253,0.239480916,0.04371033,0.006375725,0.042655173,0.46879814,0.653274267,1,0.154081378,0.155029099,0.30069405,0.041149259,0.042546757,0.023218911,0.046314198,0.069162545,0.060663887,0.046579324,0.030604322,0,0.000151704,0.048642485,0.022751888,0.000162367,0.002343415,0.00011709,0,0,0.276686622,0.894465931,0.580367771,0.297288785,0.188485218,0.014011765,0.034560125,0.1575077,0.029739092,0.016857116,0.033265779,0.035259791,0.014029526,0.066669602,0.08809597,0.03068745,0.051878507,0.007678492,0.022604238,0,0.013208697,0.004869089,0.000307295,0.107948726,0.454289943,0.381805346,0.365461861,0.425708101,0.246621307,0.175850919,0.015713629,0.045831476,0.028522112,0.036978554,0.062855242,0.009238056,0.188678754,0.001728082,0.000545096,0,0.004948003,0.105499296,0.079158708,0.019728438,,,
Big_cycle,1003_cycle_com3,,,0.205716819,0.083363379,0.173266732,0.053109093,0.104863642,0.013055295,0.144428617,0.702497135,0.555203592,1,0.400263138,0.368117787,0.084724288,0.491953667,0.020400937,0.009638135,0.076401073,0.023217022,0.045134083,0.057544058,0.131556296,0.026794416,0.011891975,0.01675582,0.000928532,0,0.000801908,0.010035723,0.079918654,0.274662992,0.561627126,0.289343199,0.223702093,0.307856996,0.248116414,0.167924414,0.010790822,0.130649368,0.399952538,0.450867271,0.580868776,0.108809199,0.132061077,0.216295133,0.160464542,0.237486975,0.43732986,0.328864881,0.075247411,0.55421437,0.522821441,0.034130591,0.083988846,0.000330546,0.262647001,0.000986768,0.00252261,0.002797472,0.077985353,0.064442528,0.028903941,0.109337105,0.118038742,0.046918688,0.234054019,0.079868607,0.09724314,0.257510928,0.053687583,0.066070645,0.206912083,0.005434831,0.022560427,0.011073182,,,
Big_cycle,1003_cycle_com4,,,0.043440548,0.081533658,0.17097929,0.480986817,0.214060616,4.20E-05,0,0,0.005800083,0.030273143,0.024275163,0.023645695,0.005260754,0.003551366,0.000951107,0,0,0,0.001782386,0.000247677,0.012358366,0.026021229,0.00820212,0.041403734,0.096142829,0.076929351,0.10949523,0.453591229,0.677704831,0.792221685,0.442370431,1,0.790686559,0.625953763,0.383473808,0.310204687,0.136699904,0.000849616,0,0.000575302,0.001197673,0.000319296,1.39E-05,0.040057643,0.165583982,0.223007991,0.075908693,0.011162112,0.007656543,0.022438199,0.037641395,0.045776965,0.021183754,0.104142187,0.00471887,0.000581273,0.007559762,0.003010371,0.00049879,0.001951595,0,0,0,0,0,0,0,0.002965169,0.067852307,0.131002977,0.031614652,0.025012694,0.023189481,0.003730162,,,
Big_cycle,1003_cycle_com5,,,0.061664094,0.053018924,0.058984149,0.161093254,0,0.017518995,0.235740505,0.576901571,0.529063036,0.77246461,0.225449349,0.428670088,0.19727327,0.03078501,0.004517268,0.038958421,0.026249326,0.017069852,0.001193783,0.059711412,0.065691928,0.035205436,0.150635818,0.001803917,3.66E-05,0.00019486,0.003023191,0,0.023571707,0.10693679,0.188395612,0.182163356,0.07588731,0.027127535,0.033036127,0.044878477,0.000779535,0.011069679,0.009075002,4.45E-05,0.001780769,0,0.008824533,0.000393733,0.001805923,0.022762308,0.038119552,0.001838732,0.001166762,0.221025995,0.005082401,0,0.04218506,1,0.000899107,0,0.007545866,0.018594335,0.024846786,0.012561382,0.009261465,0,0.000159673,0.000217513,0.000537464,0.000618287,0.001531165,0.000983698,3.65E-06,0.005809271,0.003493581,0,0.000388759,0.002558302,,,
Big_cycle,1003_cycle_com6,,,0.160039373,0.118140839,0.195855005,0.131466633,0.014484944,0.003419778,0.003015979,0.00921889,0.049124986,0.108418422,0.113354806,0.260269608,0.20628754,0.109174362,0.148052895,0.255906532,0.095482318,0.109596213,0.048904674,0.065149089,0.202548611,0.285497454,0.490007615,0.549255043,0.926771617,1,0.962947417,0.024178482,0.407577249,0.08100937,0.101596959,0.235993959,0.04533603,0.016663181,0.267524395,0.269721567,0.174072301,0.045772912,0.000581823,0.019623331,0.230074165,0.015704156,0.045744228,0.101355591,0.027359359,0.083652144,0.29053514,0.04654181,0.021424452,0.102878322,0.008543591,0.138103443,0.04116474,0.05554974,0.183867683,0.176950131,0.102906283,0.203409845,0.014048554,0.068432771,0.006867213,0.059242925,0.013129016,0.063486214,0.078298945,0.058336194,0.087141079,0.093111994,0.014789445,0.046654368,0.041959477,0.015650666,0.000713589,0.01648183,,,
Big_cycle,912_cycle_com2,,,,,,0.371384617,0.63202667,0.015286582,0.018796408,0.051404661,0.004298841,0.024065059,0.012712379,0.000335765,0.27666001,0.025217694,0.091576998,0.009312301,0.00024108,0.013115072,0.032094209,0.123023044,1,0.120557106,0.088138055,0.044409967,0.15720146,0.16828394,0.375059527,0.042220272,0.000203236,0.041239492,0.020557388,0.001420593,0.093557236,0.178724581,0.163028319,0.032500555,0.004338256,0.003910068,0,0.022878929,0.018288485,9.13E-05,0.000745422,0.000103577,0.004456695,0.001089937,0.022811031,0.201977822,0.03071456,0.070588234,0.000635494,0.219302471,0.264307151,0.578241838,0.192346476,0.156402137,0.177548882,0.088662517,0.255044824,0.131099923,0.001238751,0.136018805,0.033640411,0,0,0,5.56E-05,0.000566938,0,0.00086671,0.006083052,0,0.151909314,0.557402871,,,
Big_cycle,912_cycle_com3,,,,,,1,0.481078176,0.40458072,0.003739886,0.019767671,0.000919442,0,0.043516757,0.082168321,0.205691439,0.075050699,0.146188345,0.015850132,0,0,0.027700132,0,0.004319184,0.023508661,0.001459574,0.002023412,0.00422251,0.00155165,0,0,0.004662537,0,0.020146531,0.010045592,0.000845478,0.001279477,0,0,0.028166088,0.007055882,0,0.000858254,0,0.085882503,0,0.000432017,0.006056247,0.090284961,0.137391073,0,0,0.034692914,0.044195679,0.007307582,0.317041629,0.544390966,0.155724574,0.150061208,0.126248978,0.290150453,0.065840667,0.002985946,0.190902451,0.037092252,0.00191091,0,0.001983406,0.008701688,0.01617395,0,0.162506817,0.081857777,0.002252716,0.008274363,0.013920818,0.011343049,,,
Big_cycle,912_cycle_com4,,,,,,0.183428884,0.046676967,0.023587896,0.017228887,0.109954534,0.000666977,0.052432878,0.146708793,0.069333164,0.062189845,0.002727971,0.111192521,0.051277119,0.055971022,0.051390666,0.011336403,0.009250106,0.012738575,0.020554982,0.125406339,0.262156491,0.030125644,0.246823321,1,0.664926483,0.202094371,0.356469595,0.256310085,0.100480968,0.142296729,0.275644185,0.116567352,0.207424795,0.15857446,0.135714282,0.123170496,0.010546659,0.017401975,0.002132848,0.148956938,0.024977343,0.052888506,0.254647838,0.143255235,0.092447754,0.030472655,0.089881106,0.0980466,0.047361751,0.010196637,0.321760453,0.779364347,0.736831304,0.786686868,0.436669462,0.152724406,0.408127888,0.02644628,0.221680205,0.362787782,0.06947971,0.031869328,0.103299443,0.123477389,0.215491885,0.002429201,0.236301019,0.622446696,0.5713185,0.651621528,0.868788346,,,
Big_cycle,912_cycle_com5,,,,,,0.05557524,0.145100502,0.0557358,0.17509389,0.072907407,0.077165938,0.066776873,0.008898819,0.001311329,0.065377985,0.030209106,0.01645299,0.006964044,0.025778718,0.002568519,0.016430022,0.020577864,0.028812913,0.002268701,0.006359419,0.001262104,0.000878964,0.010852711,0.001283645,0.185770665,0.633877545,1,0.425790013,0.644542601,0.564661116,0.311480726,0.383213736,0.181258303,0.185727728,0.233402125,0.03068372,0.110755525,0.22643337,0.049534077,0.086527983,0.096998012,0.021902065,0.005285519,0.006722683,0.018378965,0.102544321,0.585759804,0.494681587,0.107643094,0.241321728,0.009249865,0.008610201,0.014883816,0.000693992,0.018126959,0.010108567,0.011457739,0.022088484,0.000307606,0.001011298,0.003276545,0.007412398,0.001169847,0.003345296,0.008664959,0.008758676,0.022578331,0.009066926,0.13252879,0.204635101,0.344744516,,,
Big_cycle,912_cycle_com6,,,,,,0.20852877,0.086302011,0.086323811,0.003709772,0.200754204,0.091446739,0.000974845,0.00204773,0.019724294,0.016302234,0.00858457,0.003625695,0.000734969,0.005138171,0.010109584,0.001527349,0.062035045,0.044032488,0.021864222,0.003915892,0.130724235,0.049221039,0.011178045,0,0,0.000877262,0.026396399,0.320596984,0.376418163,0.713408685,1,0.315468043,0.023518312,0.02183852,0.261596162,0.276661511,0.018266204,0.264779944,0.32348627,0.115150196,0.008255111,0.020426514,0.001152302,0.000382627,0.004318324,0.003738738,0.029877901,0.070510077,0.118727452,0.00460311,0.073990734,0.593039283,0.356683631,0.693312515,0.228337781,0.208883096,0.101530619,0.034252117,0.016680421,0.032569425,0.029340925,0.032899051,0.013507463,0.014520196,0.009555599,0.003630899,0.010620358,0.002728288,0.154315246,0.14744084,0.068526723,,,
Big_cycle,919_cycle_com1,,,0.242167075,0.07135386,0.043511961,0.056566736,0.000677719,0.049208114,0.193828718,0.254524302,0.040284035,0.019070122,0.002114596,0.001252851,0.010157513,0,0.016017382,0.036218879,0.035916773,0.132344541,0.102393521,0.128713646,0.182794403,0.0453285,0.1465874,0.024444986,0.01036477,0.156792804,0.164735865,0.06101575,0.130071728,0.240163919,0.238659448,0.108812465,0.010127439,0.020954113,0.055084306,0.100719339,0.078341358,0.057324213,0.044771713,0.08940132,0.024355897,0.018304608,0.077567234,0.095848031,0.260247901,0.145554669,0.305927593,0.127672816,0.172652691,0.101942464,0.52521303,0.343959114,0.389393348,0.440671481,0.768136053,0.23393567,0.341237734,0.351480969,0.466161177,0.911066655,0.000540109,0.533820609,0.07736031,0.189234452,0.038249908,0.034400567,0.019162209,0.103454673,0.167845806,0.251315171,0.048382641,0.582073643,0.800355847,1,,,
Big_cycle,919_cycle_com2,,,0.032546374,0.053554322,0.015318332,0.011743828,0.096203311,0.141374713,0.307726685,0.637383614,0.581961247,0.276539615,0.073178094,0.109296617,0.030781738,0.127268862,0.175498204,0.097746435,0.049186188,0.0221218,0.015790003,0.011561167,0.005117432,0.090291248,0.082646633,0.211389944,0.383772407,0.444827668,0.264770072,0.81599603,0.519003772,0.522479688,0.69679344,0.361082831,0.840972806,0.581919343,0.596420736,0.898369779,0.506852603,0.129777136,0.068226645,0.014059583,0.158832674,0.024807045,0.359858911,0.0068819,0.139034099,0.064837176,0.182114224,0.539495275,0.438598282,0.113402936,0.322033943,0.381406757,0.589921304,0.392479174,0.400235079,0.343751698,0.477629827,0.527246536,0.307305928,0.239511676,0.173366655,0.03854203,0.075641666,0.887109503,1,0.236594246,0.709939629,0.208048218,0.082820608,0.001247296,0.003494221,0.073839027,0.246379459,0.290233383,,,
Big_cycle,919_cycle_com3,,,0.146480295,0.286045472,0.370995837,0.146268084,0.122222513,0.100587648,0.183681211,0.50216179,0.335123958,0.279436719,0.176485983,0.065190467,0.089864855,0.117937459,0.026447244,0.016934907,0.075258871,0.131846921,0.011930188,0.046426862,0.210239744,0.0009103,0.051809248,0.127632684,0.140750645,0.148665701,0.119365993,0.095734784,0.27465824,1,0.335942065,0.172439451,0.145817145,0.186180579,0.082525432,0.041376695,0.118397457,0.348682385,0.078459047,0.325765246,0.093895939,0.154811353,0.094072705,0.167259286,0.389537072,0.122583824,0.103741131,0.346948886,0.094510705,0.160881313,0.197304472,0.143638389,0.177225795,0.153723721,0.161981245,0.212067263,0.046925209,0.286208518,0.059370469,0.075346906,0.016908231,0.116724583,0.036543593,0.128307869,0.061380075,0.079931471,0.003461481,0.000218693,0.002007136,0.045025704,0.097106092,0.120562993,0.235405369,0.491517686,,,
Big_cycle,919_cycle_com4,,,0.071763346,0.05610668,0.061879354,0.046568728,0.001490617,0.031410949,0.106524295,0.37361593,0.105430536,0.348008687,0.160091144,0.087814723,0.309818189,0.171974165,0.101066236,0.253166608,0.141049501,0.15877223,0.004939823,0.141341267,0.186141952,0.275961828,0.044534347,0.262738342,0.45808735,0.808430977,0.683739837,0.525353075,0.191723891,0.459671025,0.748138477,1,0.938137617,0.478189748,0.924728325,0.787028114,0.16695837,0.025480117,0.294644539,0.702828421,0.40970725,0.608880766,0.210832138,0.256607335,0.239415359,0.360950562,0.51103714,0.660532961,0.972881961,0.641757381,0.549579331,0.545658334,0.783814254,0.67048383,0.636197175,0.228520645,0.162098471,0.073661616,0.01422663,0.162241037,0.000837989,0.105563414,0.325226127,0.344437908,0.133647698,0.040841472,0.55216121,0.172934948,0.018508776,0.003738385,0.022589917,0.069692087,0.406851486,0.338189629,,,
Big_cycle,919_cycle_com5,,,0.01167285,0.003184538,0.005777168,0.040564248,0.062537173,0.252475526,0.397833333,0.438420151,0.187896946,0.201456864,0.375611492,0.320659853,1,0.489491713,0.289904447,0.055509505,0.012357873,0.047020768,0.064601133,0.308504373,0.221533238,0.167013746,0.281793883,0.368244175,0.179521798,0.305040142,0.192618864,0.429419385,0.301201458,0.453465947,0.578409126,0.733009314,0.563439668,0.465969088,0.634517804,0.324526113,0.293885941,0.553395155,0.356578733,0.128170042,0.256010371,0.433893328,0.153443904,0.283091931,0.052871302,0.184093091,0.728738338,0.412134046,0.373088299,0.606700423,0.358890805,0.570027724,0.344521523,0.310487102,0.667853728,0.240360597,0.389200143,0.256785095,0.34811121,0.269071637,0.109323267,0.193661484,0.057385289,0.029664782,0.029724163,0.037246992,0.070323887,0.304541558,0.263692235,0.201786908,0.042825499,0.172485522,0.146089983,0.401721156,,,
Big_cycle,919_cycle_com6,,,0.055788065,0.185584563,0.363616338,0.308620488,0.036220134,0.317087832,0.469129033,0.161496651,0.405990432,0.663936224,0.510874017,0.485382533,0.434731446,0.567588584,0.33532407,0.046293609,0.296649069,0.05628166,0.000458536,0.000546643,0.01858909,0.106105863,0.036630166,0.075373304,0.145728138,0.274533185,0.557975696,0.351633674,0.400028625,0.697684513,1,0.369569331,0.057094492,0.056430803,0.162689564,0.186334952,0.106454795,0.336046194,0.292195059,0,0.037853981,0.011165869,0,0.008367291,0.018191065,0,0.049838144,0.016244979,0.077404506,0.110861468,0.167711298,0.104468358,0.194377687,0.386777965,0.263674407,0.079262919,0.134064045,0.219330102,0.118989057,0.200696276,0.067054561,0.142898907,0.344327482,0.069408215,0.282851918,0.379817658,0.44291076,0.031610269,0.097692482,0.192630483,0.041452127,0.125899935,0.039823668,0.161933346,,,
Big_cycle_mean,Big_cycle_mean,,,0.1468008,0.100924716,0.146888754,0.211662729,0.130694059,0.105720246,0.15933408,0.29746821,0.223101712,0.292824218,0.153845049,0.161415077,0.195309519,0.138162134,0.090609821,0.054052216,0.055454181,0.053504429,0.031542672,0.064032284,0.138909556,0.073746986,0.091106205,0.135770549,0.155193761,0.218791545,0.276703101,0.237128662,0.233541269,0.411119671,0.424236489,0.392318011,0.358293148,0.302177755,0.272201425,0.221759339,0.119819951,0.14370217,0.117992607,0.11281398,0.138653792,0.11018132,0.086227893,0.081319872,0.099684816,0.108992168,0.181513587,0.170024108,0.146455596,0.204004023,0.202302396,0.171873243,0.250711082,0.328639663,0.337957386,0.199194155,0.225104295,0.202216234,0.139590106,0.167369628,0.04435477,0.103555138,0.088720814,0.111638875,0.11739786,0.063739529,0.137069524,0.083034473,0.055890754,0.076323847,0.069844469,0.127211035,0.186496728,0.271391338,,,
Big_constant,1101_consleft_com1,,,0.178437925,0.262403217,0.381769266,0.187079177,0.367498399,0.559739581,0.301305171,0.379763534,0.31577901,0.544682528,0.440970204,0.408845553,0.687545581,0.590676662,0.472125094,0.615080539,0.34740321,0.394507214,0.295369716,0.465934603,0.358151659,0.527792491,0.443156132,0.512730063,0.40383799,0.232317569,0.4616239,0.744365793,0.417223242,0.717271727,0.856073912,0.837609432,0.423562255,0.649381557,0.300732623,0.321188065,0.509279586,0.352198908,0.510885825,0.841907017,0.951890711,0.447863975,0.525616251,0.326580265,0.201676024,0.474711234,1,0.627103699,0.245685391,0.238845632,0.233596414,0.514851404,0.300216261,0.26083189,0.222892222,0.119479573,0.432720563,0.374577148,0.358821298,0.197156276,0.333530754,0.356676052,0.810725142,0.678517777,0.629991932,0.169461008,0.639954501,0.352693482,0.347991499,0.232725876,0.141132735,0.360537385,0.324903582,0.626116541,,,
Big_constant,1101_consleft_com2,,,0.213687496,0.091395033,0.276737001,0.450511978,0.204371748,0.432316159,0.280332533,0.46385086,0.440835237,0.539206888,0.609602921,0.722596448,0.695491762,0.668282169,0.825729946,0.499970794,0.861733632,0.733194975,0.217767778,0.241167068,0.589083854,0.492789352,0.578317213,0.408417893,0.475702246,0.411769051,0.292181272,0.513936286,0.60336427,0.28413051,0.717923078,1,0.89827491,0.545360849,0.498286251,0.319054592,0.321471416,0.540799187,0.500455085,0.302881337,0.41866556,0.315719799,0.425816004,0.285278425,0.789072232,0.622079749,0.655033337,0.527827396,0.469689454,0.693131903,0.478388554,0.388839163,0.464069577,0.307128575,0.631463393,0.357118223,0.62376366,0.276595421,0.45566833,0.471326531,0.341070327,0.407410107,0.223305289,0.253422175,0.784716144,0.322784102,0.341888717,0.484000171,0.246557301,0.227506015,0.258140122,0.317393514,0.177104982,0.733644375,,,
Big_constant,1101_consleft_com3,,,0.137969417,0.111761182,0.084335638,0.117935435,0.33633754,0.198383717,0.314503116,0.551076963,0.780150711,0.848393282,0.683553732,0.431275237,0.806837019,1,0.696121892,0.692820678,0.711812061,0.433442005,0.56015645,0.345263451,0.332949759,0.348576627,0.50147778,0.144356423,0.351004512,0.294511581,0.41225509,0.355665472,0.477917351,0.21758889,0.283462737,0.652596308,0.493139082,0.570255773,0.43194324,0.078964479,0.298930124,0.195558954,0.185573704,0.215834552,0.851938434,0.492480498,0.222822259,0.344623651,0.227098205,0.365943011,0.224555957,0.369124347,0.528104231,0.085491245,0.085715044,0.046576215,0.163696877,0.762663105,0.069665192,0.189315676,0.533954343,0.126325126,0.531497418,0.186617609,0.307202362,0.449318209,0.504319404,0.290723478,0.140115912,0.220768559,0.309056758,0.110005417,0.184715713,0.230959552,0.163462387,0.042357914,0.214051944,0.156360644,,,
Big_constant,1101_consleft_com4,,,0.023614718,0.030138094,0.006916391,0.016665781,0.05084398,0.131069591,0.090215142,0.14617707,0.125243871,0.155081175,0.413178641,0.127570686,0.058998266,0.347019688,0.238249225,0.242032956,0.106289184,0.270062601,0.084014146,0.023010428,0.009183766,0.151529675,0.128882718,0.078929998,0.028610112,0.113805216,0.101796314,0.023460628,0.050195728,0.228634715,0.080705955,0.167802682,0.057969426,0.064365658,0.123595757,0.053023275,0.029934624,0.003602392,0.008498485,0.080486525,0.168104472,0.00249702,0.000113206,0.008211555,0.000974215,0.012339368,0.019517415,0.050960915,0.046139252,0.033472462,0.169648831,0.030904109,1,0.133762322,0.061895881,0.059811659,0.084083786,0.089850685,0.083339518,0.051980178,0.063296025,0.026534668,0.033775872,0.041183225,0.009288162,0.028156479,0.058791457,0.010489901,0.025612138,0.118395788,0.133280599,0.007038272,0.080762379,0.000649966,,,
Big_constant,1101_consleft_com5,,,0.110537954,0.035072213,0.192992349,0.098915039,0.193987959,0.154874402,0.240436017,0.533637862,0.294615681,0.582072572,0.275179717,0.396032597,0.196417642,0.709465757,0.40889128,0.156752032,0.142658882,0.212353659,0.086916351,0.09226307,0.01991622,0.326153633,0.425116133,0.232321147,0.482762712,0.596286861,0.504054493,0.405539148,0.523673627,0.214264948,0.37873925,0.36944267,0.136536202,0.354853058,0.234474828,0.241688978,0.462755338,0.142013318,0.030219438,0.003085936,0.083857491,0.034560752,0.028607597,0.050194916,0.276301223,0.390009643,0.231861107,0.438529279,0.782893682,0.657207506,0.547045272,0.925478888,1,0.380595728,0.304953384,0.305069335,0.343154428,0.072661167,0.040610056,0.000151151,0.252836855,0.46490508,0.460596245,0.437659815,0.364001814,0.892462051,0.509145342,0.834356132,0.816963964,0.498100446,0.741727695,0.759407487,0.468326347,0.190446715,,,
Big_constant,1101_consleft_com6,,,0.004643786,0.003749675,0.001352194,0.001426367,0.004947494,0.005952293,0.009952921,0.167190102,0.047981912,0.259070269,0.237349156,0.37085964,1,0.10077581,0.026615568,0.113217401,0.045051168,0.017003219,0.012875983,0.018208445,0.23446949,0.056671337,0.088837632,0.01902046,0.032571678,0.061185024,0.114879413,0.024363063,0.066157209,0.137009824,0.363800283,0.69605897,0.476847542,0.589319693,0.416735057,0.039091747,0.143036682,0.109228141,0.118193906,0.326105673,0.373809346,0.102680183,0.056659439,0.004098651,0.023716094,0.003929477,0.068980274,0.72493616,0.837842816,0.180616377,0.289135179,0.287110821,0.345996493,0.209865136,0.255307415,0.131802248,0.092692807,0.217591617,0.059489807,0.001404106,0.07193334,0.006210817,0.031128739,0.251895124,0.003404517,0.007374098,0.00115804,0.00218179,0.001364372,0.099121269,0.058429133,0.247573207,0.985017097,0.868885333,,,
Big_constant,021720_consleft_com1,,,,,0.005654276,0.034029436,0.010356473,0.144434577,0.224429538,0.323698074,0.297185073,0.185685875,0.15830251,0.20429033,0.196283342,0.292783241,0.037672163,0.234456256,0.35519,0.132181773,0.143181329,0.137991179,0.149257483,0.192846756,0.177119535,0.066879449,0.126210358,0.138415943,0.007913289,0.038656558,0.051653194,0.113140926,0.215147353,0.161223393,0.160616341,0.309541268,0.18123983,0.16133806,0.287585469,0.22383186,0.235158093,0.419749244,0.347329855,0.010657821,0.185348546,1,0.55550297,0.140976643,0.281659593,0.145540588,0.028452105,0.04847952,0.044593437,0.061847902,0.20083441,0.033937585,0.049736561,0.126563279,0.400084452,0.200974971,0.230210386,0.113837408,0.4946761,0.07733948,0.36387537,0.335135745,0.424094811,0.052639572,0.275637039,0.143726103,0.270931376,0.064982837,0.038653506,0.048384701,0.066587031,0.316109346,,,
Big_constant,021720_consleft_com2,,,,,0.237440474,0.462585529,0.220947207,0.117426158,0.012704718,0.010356086,0.003561453,0,0.00162691,0.009437137,0.038215658,0.1697555,0.082714958,0.303481258,0.400149678,0.505001507,0.243183303,0.203738939,0.387569344,0.156509291,0.518279681,0.167696162,0.120183111,0.328529768,0.797512099,0.173684976,0.391294486,0.335425062,0.732967171,1,0.524964,0.521100327,0.372719622,0.530229497,0.438941915,0.446807359,0.48194642,0.629189887,0.167747594,0.057721425,0.101162343,0.254062371,0.413746003,0.442280482,0.505895512,0.935406929,0.846648069,0.321474445,0.282344099,0.027156785,0.010057347,0.053421632,0.055543588,0.184258666,0.542457956,0.234721868,0.255142593,0.557834953,0.232161985,0.00374632,0.001500005,0.082946737,0.035835778,0.00617155,0.049940413,0.134835321,0.116121573,0.156269236,0.024677592,0.001277254,0.120651974,0.140324536,,,
Big_constant,021720_consleft_com3,,,,,0.439712162,0.306164639,0.486269197,0.837517643,1,0.381316158,0.703595118,0.520934445,0.399304861,0.28882059,0.228767632,0.190066412,0.497377886,0.12207329,0.257113007,0.192582748,0.164550531,0.11600318,0.078063133,0.102734595,0.072270476,0.066763717,0.033873402,0.039323322,0.021679423,0.013308268,0.161570146,0.078197677,0.113602997,0.070808343,0.105262986,0.153252643,0.048108849,0.062391679,0.028240844,0.187839158,0.089009708,0.079604427,0.001629845,0.0174643,0.008779222,0.016664012,0.024240133,0.066324518,0.013826042,0.048879616,0.103432784,0.049656458,0.024927871,0.012175163,0.051578187,0.093239754,0.018134487,0.016391061,0.047136682,0.14171785,0.081753504,0.003642603,0.010262186,0.00337203,0.001976415,0.024053182,0.07771187,0.210816069,0.287158612,0.331706484,0.211465346,0.265588514,0.268833185,0.132880759,0.06569779,0.137221842,,,
Big_constant,021720_consleft_com4,,,,,0.040720357,0.007974423,0.059983008,0.048242567,0.263164514,0.157689604,0.051330774,0.077251162,0.317711754,0.091030238,0.269303078,0.203231029,0.181720087,0.095973359,0.149187679,0.110515813,0.051076893,0.098522916,0.138205106,0.127535886,0.238207154,0.228143251,0.190319072,0.169058073,0.204291445,0.090885167,0.115274787,0.241789792,0.136148705,0.172044903,0.087033729,0.182187006,0.295421621,0.066513337,0.098733669,0.059968269,0.092763245,0.24998634,0.350581644,0.145258528,0.063072957,0.31478881,0.240679717,0.275161336,0.208081,0.278108969,0.256152872,0.32846408,0.624766526,0.340860313,0.27846542,1,0.911316163,0.915116921,0.575164176,0.51978771,0.237898059,0.405250511,0.570777692,0.107603049,0.40345837,0.402911657,0.117746123,0.02241031,0.186105697,0.180097196,0.049105342,0.153721998,0.0286178,0.080101219,0.021082774,0.159200178,,,
Big_constant,021720_consleft_com5,,,,,0.048712254,0.021877065,0.089248571,0.044343308,0.036166623,0.010609072,0.002044163,0.000265489,0.126574834,0.208605911,0.174736471,0.1372956,0.226415427,0.147066913,0.114923926,0.197617414,0.269200258,0.20773404,0.117648114,0.039993626,0.07669871,0.192728074,0.032705263,0.132726568,0.090466436,0.045749918,0.040244252,0.03592814,0.000831068,0.000600905,0.000145938,0.001045416,0.000231639,6.20E-05,0.064053207,0.1356609,0.329239294,0.315677004,0.290115589,0.159438446,0.567467744,1,0.358611491,0.230608284,0.206319137,0.292444712,0.228254913,0.208902026,0.189620132,0.171476153,0.208303942,0.194546136,0.104965897,0.015314471,0.127353079,0.022159849,0.056877801,0.214711971,0.287642595,0.278931486,0.219242015,0.077915515,0.058819974,0.157088781,0.101712694,0.220459413,0.062896371,0.158240625,0.163752332,0.166968081,0.126680901,0.159222924,,,
Big_constant,021720_consleft_com6,,,,,0.420688079,0.396789251,0.028127579,0.11812425,0.348346741,0.068118113,0.174395412,0.417664714,0.325631422,0.128402521,0.283091034,0.077601924,0.192084169,0.128305548,0.629641018,0.44369923,0.211759617,0.808190423,0.927580525,0.222252872,0.280530552,0.439019565,0.87061412,0.320895813,0.576172089,0.673852219,0.738667722,0.444401054,0.518516848,0.427816399,1,0.464665902,0.333719776,0.353790387,0.178630151,0.418384007,0.188256759,0.329036567,0.23361045,0.185210394,0.122697777,0.115659496,0.034782181,0.101200246,0.25432169,0.123946078,0.261664976,0.267403422,0.150413964,0.611586144,0.048243727,0.185705539,0.232948513,0.296537963,0.030303735,0.055264907,0.418697995,0.179250685,0.106898482,0.100368125,0.197137036,0.084952969,0.002869602,0.12086017,0.197392545,0.333761976,0.630356653,0.55975074,0.445218777,0.420424764,0.152349009,0.408428371,,,
Big_constant,021720_consright_com1,,,,,0.132747094,0.13204645,0.064531733,0.000128729,0.010539686,0.063162629,0.000731557,0.000412793,0.006598801,0.027070205,0.003046143,0.13722139,0.085589287,0.93303368,0.581539498,1,0.169400061,0.094412996,0.228358892,0.18856636,0.091798158,0.290436849,0.09559763,0.318661029,0.433865853,0.047686795,0.080920174,0.17710099,0.133355813,0.090320461,0.012215451,0.096686364,0.182798591,0.153280354,0.075925034,0.091311555,0.129769933,0.933579167,0.115699468,0.125730335,0.547549826,0.06175233,0.165321827,0.18275919,0.282750316,0.081697005,0.034956698,0.174796081,0.096635706,0.019198996,0.119778714,0.078097286,0.07641108,0.167075104,0.029317146,0.113615364,0.429963343,0.261932552,0.251063869,0.115174065,0.060023606,0.047931136,0.154289026,0.113754754,0.132764645,0.071864161,0.002528879,0.146745978,0.056240073,0.099094108,0.073406946,0.083149283,,,
Big_constant,021720_consright_com2,,,,,0.020150201,0.184486698,0.102800387,0.01674892,0.003256311,0.087460928,0.10589977,0.129813972,0.116600274,0.249402802,0.120842246,0.290616606,0.284148415,0.401188332,0.170022654,0.131193856,0.213138848,0.137547832,0.194039418,0.111483673,0.057517108,0.003294287,0.540664285,0.184419468,0.05301847,0.227405769,0.187360561,0.095903539,0.19263938,0.172786301,0.124773629,0.393437207,0.210914187,0.166179649,0.134982697,0.1435508,0.243164646,0.301316834,0.093985588,0.056039323,0.005587418,0.118445538,0.156739124,0.24759529,0.051581271,0.273909253,0.092951402,0.019345587,0.014482325,0.018698773,0.08389556,0.00561854,0.005638261,0.002441613,0.38405101,0.401744881,0.914499769,0.788813691,0.331039178,1,0.277228768,0.228848788,0.193212328,0.051191907,0.106604805,0.069589532,0.017657242,0.030830759,0.011843938,0.102688109,0.041360501,0.016695084,,,
Big_constant,021720_consright_com4,,,,,9.49E-05,0.001948983,0.00408921,0.001304832,0.009203192,0.022992697,0.03915743,0.042395089,0.036795071,0.015579496,0.022216864,0.053065144,0.038915477,0.028039635,0.013109502,0.018119727,0.00429031,0.011731199,0.003293235,0.011193024,0.015142427,0.116125719,0.025282577,0.054829604,0.066272217,0.511348956,1,0.158816743,0.000746017,0.012451202,0.000328663,0.002829158,0.014626426,0.016522443,0.042488177,0.036899589,0.059976569,0.008453089,0.224536304,0.020246342,0.021251011,0.034177022,0.009742852,0.00689248,0.006730798,0.028460143,0.053830264,0.008362065,0.008967595,0.014694291,0.007953154,0.015520477,0.007187601,0.008836038,0.012456589,0.004512681,0.009380845,0.009917926,0.005051027,0.003002974,0.004649529,0.004889603,0.007669044,0.008854513,0.002390981,0.002982854,0,0.006237583,0.01992634,0.00325838,0.006989129,0.011492803,,,
Big_constant,021720_consright_com5,,,,,0.142659529,0.081040569,0.133460962,0.01491022,0.020213921,0.172213889,0.022725943,0.022152792,0.173251557,0.504657611,0.001988494,0.436140533,0.37080798,1,0.31842224,0.178731018,0.114549655,0.924436725,0.618808168,0.058516745,0.760732161,0.416498192,0.180533973,0.05021204,0.210396867,0.297159749,0.226675925,0.178580081,0.135092286,0.119919497,0.198794421,0.103039607,0.400666024,0.355402828,0.767889356,0.152762425,0.855640267,0.972915472,0.134881203,0.422171513,0.619004149,0.089323845,0.482158194,0.656759659,0.262399952,0.379400595,0.560848091,0.466783584,0.235492233,0.359312965,0.680691711,0.413552609,0.54157334,0.040540808,0.226029367,0.460583228,0.018917333,0.017383711,0.015021911,0.629702284,0.905802735,0.356530585,0.058899015,0.704457327,0.082467502,0.650901454,0.521760156,0.431523112,0.71247804,0.749231702,0.219287061,0.396186502,,,
Big_constant,021720_consright_com6,,,,,0.09355802,0.027626426,0.490274145,0.186446512,0.159721468,0.056720997,0.289608272,0.061877398,0.195570187,0.337465571,0.265590757,0.129850894,0.09635448,0.022654753,0.16365541,0.293043947,0.014778033,0.161135304,0.149986703,0.433040684,0.440392427,0.177348547,0.226681172,0.128194852,0.067079428,0.53734054,0.518352411,0.223592315,0.430016958,0.343683991,0.338061048,0.934579244,0.619051801,0.231284908,0.265730842,0.166094276,0.088137039,0.168962699,0.169986346,0.039931998,0.216763126,0.270590065,0.487929349,0.303778418,0.021027366,0.180672446,0.281956224,0.148535179,0.396053998,0.618579351,0.369843254,0.750258013,0.411083888,0.342358614,0.233195926,0.269062047,0.149068712,0.214769881,0.092446794,0.164351473,0.061221702,0.042633547,0.051726485,0.350765001,0.276726512,0.641117332,1,0.257773707,0.205477751,0.144944334,0.08219968,0.214544267,,,
Big_constant,022620_consleft_com1,,,,,0.6797895,0.247349678,0.552920167,0.270717991,0.223254343,0.015579892,0.047300803,0.222132204,0.098470762,0.296869937,0.219114974,0.184037834,0.258231439,0.388447808,0.058217837,0.527067386,1,0.921012196,0.432148709,0.380051429,0.393624782,0.106903597,0.008445595,0.569099969,0.035166948,0.032795669,0.0010172,0.016867585,0.006343546,0.000131055,0.142662634,0.038345352,0.438563429,0.673897917,0.663430775,0.013228665,0.100329467,0.239117588,0.341857551,0.078412918,0.190720789,0.267222867,0.316283844,0.004475974,0.003111744,0.444487875,0.039791208,0.014659005,0.043955722,0.069641361,0.004133962,0,0.003600412,0,0.04191047,0.123174859,0.001984903,0.016039252,0.0190858,0.136242725,0.010849334,0.003997949,0.084091998,0.306974122,0.013488613,0.002047907,0.001569705,2.39E-05,0.002189174,0.000999627,0.001193419,0.035501869,0.062712293,0.034448346,0.00687481
Big_constant,022620_consleft_com2,,,,,0.275779029,0.008394079,0.015685955,0.004688585,0,0.280268339,0.473658974,0.067627879,0.500344972,0.345285847,0.326121569,0.355028381,0.684423538,0.528104752,0.322165479,0.104090274,0.128149228,0.615885849,0.404000751,0.250334584,0.209147996,0.686355882,0.517533563,0.117429923,0.084124672,0.312901191,0.032549068,0.193425761,0.361479142,0.082587248,0.028252149,0.00934557,0.03041387,0.035881485,0.04389456,0.032718687,0.040603174,0.092197155,0.723946665,0.182936722,0.173411382,0.222346268,0.297840164,0.963529094,0.474750868,0.293941465,0.642223639,0.289113077,0.237869233,0.436218065,0.17499599,0.438263915,0.046908159,0.029712713,0.076109651,0.134265171,0.109382163,1,0.176999425,0.210089745,0.657394841,0.518408835,0.064812015,0.003982893,0.179647135,0.698431579,0.22616645,0.010904124,0.021338945,0.078483714,0,0,0,0,0
Big_constant,022620_consleft_com3,,,,,0.270159163,0.485686162,0.573420563,0.154851057,0.080537875,0.355857312,0.886031425,0.671454827,0.233229214,0.270640661,0.851114487,0.20851473,0.433111817,0.031207693,0.416917455,0.20264895,0.394224974,0.203063343,0.328948696,0.046034928,0.183458434,0.12849422,0.343278411,0.401820876,0.607613759,0.144862153,0.186641161,0.346951938,0.254862655,0.303002358,0.095899912,0.037949262,0.095735322,0.19221704,0.021398811,0.376407858,0.031860915,0.124747035,0.307567736,0.402182991,0.349428191,0.007677116,0.080044807,0.108043004,0.02593222,0.17986884,0.603928648,0.057009181,0.025982214,0.032510631,0.200843346,0.567624667,0.394896261,0.298639819,0.347928711,0.333100542,0.181098589,0.529184759,0.087210536,0.374474152,0.700956936,0.123903113,0.802944165,0.844748751,0.890570769,0.387963709,0.130862015,0.627630917,0.614220936,0.800861383,0.014004297,0.109116744,0.285265645,1,0.386769672
Big_constant,022620_consleft_com4,,,,,0.255276069,0.436325924,0.260727874,0.11688483,0.673340173,0.509901595,0.910705048,0.954950692,0.792052532,0.55539364,1,0.902307173,0.349869711,0.986713232,0.36667042,0.53262549,0.458236919,0.349747717,0.578232961,0.612609934,0.475154821,0.268416712,0.46519094,0.741199717,0.437531894,0.435254778,0.5271312,0.468475736,0.717043475,0.408884177,0.356876094,0.19365448,0.32069808,0.546568817,0.222002982,0.21626996,0.521598932,0.540111632,0.390829884,0.724061194,0.597216152,0.241454227,0.518898648,0.221908051,0.19265469,0.000719095,0.063490064,0.215657708,0.411864637,0.125559338,0.005005484,0.050223229,0.150327233,0.332055506,0.591049382,0.254294344,0.320293499,0.59788814,0.158373923,0.54160208,0.436628163,0.479295359,0.054332376,0.454054923,0.329711453,0.532261655,0.115347113,0.209286524,0.067980048,0.239340654,0.337530915,0.126081722,0.175061832,0.156761792,0.244898797
Big_constant,022620_consleft_com5,,,,,0.063664072,0.010124793,0.010643309,0.034191117,0.101019021,0.069960255,0.133656897,0.11388008,0.005216396,0.025277923,0.054965373,0.100236292,0.150197261,0.19938012,0.087344946,0.115979173,0.101158316,0.165295665,0.288585719,0.184818709,0.161367082,0.119265722,0.214068486,0.096989522,0.161488568,0.049573549,0.168228891,0.220648015,0.166741492,0.226867178,0.164030717,0.609382264,0.941052972,1,0.349922514,0.649903937,0.187563357,0.114889015,0.141261351,0.135964497,0.123451063,0.103430294,0.143598617,0.101859599,0.141359774,0.167601968,0.122894244,0.136100693,0.106943208,0.125889901,0.091966794,0.169850134,0.068525806,0.083995154,0.094416771,0.322281295,0.246154275,0.000394361,0.014611579,0.027516188,0,0,0,0.086862345,0.16072201,0.104424381,0.263310411,0.626160421,0.294645468,0.114433454,0.006079862,0.11462951,0.031355608,0.05684072,0.007077053
Big_constant,022620_consleft_com6,,,,,0.37619952,0.295445841,0.644498707,0.543865769,0.417150693,0.808948196,0.804814529,0.551857097,0.238435521,0.232144698,0.167384249,0.020896677,0.082493819,0.381174136,0.363317642,0.67579873,0.132459671,0.308685481,0.122584731,0.065781269,0.025020376,0.079110661,0.178585662,0.073555602,0.02761207,0.041905165,0.309759459,0.049241018,0.012019794,0.113215979,0.14134851,0.073043003,0.114388126,0.117312444,0.128912983,0.139206233,0.117725301,0.181318906,0.219610124,0.282278305,0.242028731,0.293404473,0.326779232,0.248040363,0.388113159,0.153909382,1,0.030847229,0.10077814,0.018252519,0.004262225,0.053234575,0.011893481,0.005909302,0.039236587,0.253727989,0.177812975,0.1872204,0.087186294,0.133583137,0.168783879,0.091991136,0.156061763,0.175097349,0.062497264,0.191541905,0.2196861,0.101143622,0.372546889,0.086388119,0.10812031,0.068028368,0.034243549,0.073632036,0.153555607
Big_constant,1114_consleft_com1,,,,,,0.12988019,0.05954177,0.016750649,0.001785583,0.037555086,0.006566395,0.015513452,0.008712199,0.013023967,0.042713116,0.030433679,0.024403409,0.043460267,0.094834362,0.077298434,0.065188602,0.005594497,0,0,0.002774255,0.006339647,0.001746661,0.003523877,0.007729811,0.013637939,0.048454821,0.172208291,0.285565688,0.300970544,0.420084349,1,0.20245392,0.279780652,0.364867715,0.529487571,0.175771592,0.298305204,0.321611189,0.489658037,0.377461041,0.307896022,0.445354236,0.311351039,0.833640779,0.491680822,0.287571686,0.233408064,0.105393588,0.409567875,0.251485672,0.192846611,0.325130748,0.281360862,0.213098317,0.094803637,0.205976345,0.1836255,0.116627548,0.079624552,0.05894815,0.116109009,0.081761077,0.182734052,0.123116411,0.140740398,0.486391295,0.46145012,0.262867326,0.531702834,0.351935784,0.302543002,0.415713487,0.437154352,
Big_constant,1114_consleft_com2,,,,,,0.153163178,0.314919709,0.306216786,0.138630211,0.492722289,0.682125469,0.341160133,0.099601012,0.191183712,0.247965687,0.026306766,0.061469217,0.067883317,0.02897205,0.029207439,0.017243228,0.026861633,0.078296975,0.757706186,0.286299593,0.19931048,0.239273903,0.341622176,0.275595776,0.180052073,0.295461507,0.471774094,0.671296098,0.438492953,0.544198262,0.463684542,0.432283344,0.266348287,0.267891198,0.24604137,0.188612094,0.128412184,0.132885401,0.176291403,0.210081192,0.199800912,0.294284661,0.327923068,0.132538815,0.263619957,0.308842147,0.558967358,0.246754594,1,0.727012978,0.504709642,0.838567664,0.263830396,0.151977035,0.147239946,0.376295701,0.707200687,0.18276306,0.167182105,0.276294756,0.296834702,0.187015687,0.264094049,0.050036573,0.055448005,0.083745697,0.017743286,0.039872843,0.080892885,0.008196765,0.067943852,0.10688009,0.015696902,
Big_constant,1114_consleft_com3,,,,,,0.031400778,0.027866737,0.019679234,0.030705406,0.007171755,0.009257437,0.014926583,0.008525371,0.016005659,0.008579659,0.034687703,0.008711694,0.01677699,0.069482505,0.111365773,0.121844159,0.152966698,0.111956511,0.133059964,0.184640558,0.204570677,0.167245268,0.189081076,0.194883553,0.231380649,0.201567711,0.139102443,0.091414031,0.067497723,0.097145264,0.087917605,0.07441334,0.10511017,0.095746222,0.026794623,0.07305197,0.042427477,0.079781798,0.022556192,0.089572906,0.035189217,0.013552746,0.042044338,0.13834405,0.067653934,0.090046645,0.099792982,0.178536428,0.128147331,0.050385134,0.083580307,0.056916584,0.152793907,0.120473148,0.416296185,1,0.274395136,0.121481016,0.191261851,0.009699896,0.011173839,0.31221592,0.26942106,0.756239091,0.178245401,0.082718691,0.245346153,0.709125003,0.13004252,0.386651502,0.691768297,0.337276733,0.418304779,
Big_constant,1114_consleft_com4,,,,,,0.024327217,0.033620619,0.042831674,0.059535131,0.036266905,0.01719566,0.011169617,0.008979083,0.032842713,0.011084616,0.020105586,0.047805749,0.077311441,0.059031781,0.069636601,0.084958554,0.063435543,0.019667773,0.007898589,0.031334972,0.057853796,0.200982566,0.200056162,0.067473552,0.096145273,0.040853874,0.078157368,0.111808018,0.089497241,0.417117581,1,0.274107933,0.228441471,0.147775029,0.246517346,0.224829587,0.253635352,0.087392627,0.054549374,0.051567725,0.089895768,0.145028964,0.186194597,0.167532742,0.055975525,0.045681569,0.083207821,0.319965852,0.53800051,0.510802018,0.501536503,0.670192492,0.560031502,0.41057955,0.477808293,0.340350059,0.075809452,0.268314601,0.22990549,0.245979334,0.106874459,0.052999434,0.06423809,0.187065747,0.20917182,0.165412763,0.201910408,0.223825262,0.285840327,0.139909808,0.145740657,0.211631991,0.383042511,
Big_constant,1114_consleft_com6,,,,,,0.049106755,0.031835086,0.010333714,0.042019126,0.065327829,0.032948873,0.017970883,0.015968223,0.016569351,0.028441742,0.022626327,0.028150939,0.068079135,0.078929192,0.068777552,0.038737086,0.117125649,0.129631151,0.07774097,0.024485099,0.071101109,0.040244475,0.131376182,0.072729998,0.17638124,0.229612366,0.332611201,0.341997428,0.233853708,0.189351372,0.326656929,0.154969805,0.166644262,0.230311733,0.174445435,0.261573612,0.255224716,0.360207834,0.19505493,0.174209246,0.18910872,0.220641765,0.221949614,0.177574505,0.134029986,0.115056414,0.176016418,0.14300031,0.125412201,0.141596464,0.347958696,0.251016371,1,0.104893156,0.175296142,0.146460656,0.094215583,0.098348877,0.410315771,0.361514273,0.1739433,0.038124219,0.088654646,0.289770382,0.347891625,0.160131721,0.182575325,0.063185472,0.153782908,0.08154369,0.210957377,0.247201767,0.046949238,
Big_constant,1114_consright_com1,,,,,,0.19074666,0.189528526,0.612097302,0.23300375,0.35609246,0.667894181,0.00336758,0.005045022,0.004883194,1,0.016968246,0.315376371,0.93492225,0.552825492,0.088777365,0.015007739,0.053507379,0.158853109,0.129043767,0.211398115,0.026701295,0.027586765,0.236469794,0.198429396,0.206396225,0.152202148,0.112133369,0.157029282,0.496218583,0.312918091,0.460111571,0.081487768,0.027478455,0.022358655,0.190338017,0.163183692,0.145852125,0.004455706,0.013278973,0.000141143,0.135344421,0.028844949,0.322223656,0.327534523,0.051543734,0.14580527,0.000552549,0.137823046,0.085016027,0.000779791,0.031543184,0.071307047,0.034419203,0.043358575,0.029388841,0.020633229,0.127507841,0.042130364,0.149542858,0.004019655,0.002432781,0.010011314,0.003889256,0,0.000541248,0.006019525,0.041671507,0.014899751,0.003381672,2.20E-05,8.67E-05,0.001652062,0.119349004,
Big_constant,1114_consright_com2,,,,,,0.645254056,0.296388981,0.920817297,0.577914399,0.336483751,0.150405136,0.398763233,0.404960964,0.275049324,0.254270079,0.779202253,0.500850558,0.682601515,0.329163575,0.000919353,0.040166191,0.04372303,0.120121884,0.082160672,0.122899341,0.146396131,0.068917361,0.088732385,0.059524227,0.024642192,0.038660946,0.126864781,0.057897433,0.002691321,0.094224409,0.09205569,0.009020806,0.027888534,0.047075321,0.037617707,0.047918497,0.103662284,0.081535975,0.011711065,0.029799826,0.066291426,1,0.147749301,0.017410406,0.046960805,0.010407348,0.002007871,0.001897249,0.002366073,0.007715742,0.018915094,0.025040242,0.018847342,0.011977766,0.003479056,0.006974805,0.016248831,0.045512957,0.048820486,0.509724517,0.182432254,0.060177491,0.316248022,0.004089887,0.053996185,0.251642177,0.605126886,0.590759567,0.407164867,0.042193984,0.165522409,0.65994338,0.447696095,
Big_constant,1114_consright_com3,,,,,,0.043875189,0.122874137,0.176139269,0.212484592,0.190197926,0.190810953,0.060935463,0.052326342,0.053067663,0.001708838,0.006261243,0.024072848,0.109140507,0.046325984,0.128358028,0.072077034,0.091071281,0.026938974,0.001210098,0.107514617,0.098624774,0.036894952,0.229393129,0.015213119,0.07700854,0.057890975,0.18025735,0.035341067,0.027147982,0.051991271,0.111425553,0.005371745,0.012056272,0.022801746,0,0.000582543,0.008560671,0,0.000628952,9.69E-05,0.000550929,0.00382225,0.005482308,0.003770241,5.70E-05,0.025924016,0.087011331,0.087071266,0.035244682,0.042652248,0.06858057,0.051629811,0.226116363,0.076666594,0.15430662,0.046023612,0.207139311,0.023249223,0.149689328,0.059270221,0.09126447,0.040984445,0.079475874,0.030881919,0.205162277,1,0.49098145,0.166363294,0.066713879,0.054131372,0.017293803,0.119777902,0.150037184,
Big_constant,1114_consright_com4,,,,,,0.083168469,0.067304773,0.09881401,0.068997264,0.011167111,0.095104934,0.168772204,0.151798367,0.015288735,0.00192783,0.000753246,0.009127895,0.051958608,0.078173343,0.025546815,0.004697232,0.000973157,0.003604574,0.010893838,0.026271466,0.081246844,0.029411082,0.163720866,0.092418476,0.058200533,0.001183384,0.000420935,3.77E-05,0.024960356,0.054281799,0.057060489,0.084588986,0.049049244,0.15856986,0.04213685,0.038219559,0.035744712,0.075407238,6.06E-05,0.032386815,0.020365504,0.018451544,0.062097628,0.004606123,0.002988821,0.013758864,0.028410008,0.070084477,0.117368823,3.97E-06,0.023689216,0.009584466,0.017899554,0.198323023,0.094097372,0.032278038,0.009293251,0.024442943,0.112432496,0.283136015,0.262159946,0.340308678,0.016005027,0.067259873,0.12248554,0.47156543,0.957542635,0.168020932,0.646785792,0.39529682,1,0.019756045,0.039564391,
Big_constant,1114_consright_com5,,,,,,0.079848536,0.078812477,0.042929168,0.053675476,0.059831562,0.050817807,0.076826124,0.030500322,0.026165898,0.012155739,0.000361236,0.020409907,0.049627805,0.087809761,0.132774891,0.056695146,0.011815919,0.075252586,0.105580259,0.062860136,0.085586698,0.104421311,0.026591007,0.01276175,0.038977735,0.011567407,0.012809351,0.023152926,0.000807465,2.79E-05,0,0.005381455,0.001366148,0.00173507,0.002845828,0.000123037,0.000639168,0.001172735,0.004950388,0.002637315,0.018024077,0.024057789,0.004563269,0.024449405,0.007077388,0.128500108,0.036560674,0.000205693,0.018839812,0.05584,0.30753916,0.183896874,0.817906138,1,0.119871059,0.15087881,0.086420379,0.000785256,0.014529385,0.046711119,0.057326204,0.09663251,0.034931889,0.060277405,0.130632471,0.044542568,0.087669208,0.112191996,0.028334467,0.016994927,0.014662353,0.009953759,0.08015479,
Big_constant,1114_consright_com6,,,,,,0.250573138,0.170530384,0.755065061,0.336785989,0.13686025,0.170230987,0.153771807,0.018386308,0.246634033,0.375089651,0.132618054,0.038056943,0.605340999,0.44103344,0.485741708,0.220861822,0.02332713,0.045202416,0.15128979,0.40923073,0.068262289,0.100544086,0.589445433,0.058175058,0.000732277,0.046523644,0.018564159,0.01098827,0.008982799,0.133904721,0.114865264,0.279312717,0.235430911,0.106517394,0.364938461,0.260395793,0.170544267,0.138476572,0.020542212,0.009197656,0.006640045,0.143654474,0.207892747,0.068904753,0.18160502,0.346558173,0.330763998,0.339613931,0.063790034,0.147920593,0.220921236,0.008865799,0.150933258,0.677657655,0.133789434,0.212503821,0.481289966,0.22869436,1,0.591969233,0.34499513,0.131181988,0.190369706,0.107867634,0.073988467,0.174725653,0.006843116,0.101594384,0.276848779,0.043965462,0.10421919,0.044598212,0.018080568,
Big_constant,092320_left_com1,0.070693793,0.07642034,0.027152067,0.075550759,0.054117916,0.161461919,0.15031158,0.12587565,0.287634284,0.135066542,0.379048269,0.234055738,0.078053121,0.165564651,0.288830017,0.402108606,0.212807716,0.174415982,0.001228644,0.00188522,0.208613765,0.129133463,0.13308614,0.041155918,0.087982062,0.101844706,0.339680142,0.325582719,0.43341002,0.274142712,0.619172865,0.705683471,0.639454461,0.556056864,0.330676977,0.609607496,0.816640832,1,0.197884045,0.386352012,0.032733566,0.0199509,0.564452851,0.871318203,0.398004646,0.496761679,0.619977887,0.504469509,0.570720186,0.393325263,0.098803349,0.052382186,0.51311468,0.594366408,0.208394897,0.006864589,0.079936443,0.021347682,0.385060715,0.241626949,0.179047377,0.056934764,0.049555808,0.012644766,0.030763654,0.068764277,0.077540362,0.001808322,0.013102532,0.000900345,0.000319699,0.01057174,0.030500698,0.012766761,0.002594905,0.012473275,,,
Big_constant,092320_left_com2,0.085054045,0.152312046,0.186913862,0.123586556,0.066954684,0.005307301,0.01455504,0.142504267,0.218539106,0.28934688,0.218116281,0.305835791,0.206135795,0.477505232,0.424701579,0.341370849,0.236466844,0.239228347,0.207575407,0.220896781,0.363689702,0.132647242,0.522796874,0.241906421,0.132057214,0.362179014,0.209711756,0.117586605,0.055082739,0.035283484,1,0.697415716,0.476795268,0.139953893,0.0247096,0.012946707,0.024954913,0.152487537,0.072252961,0.011243153,0.015671154,0.160251806,0.170055396,0.796118005,0.104569909,0.127959019,0.023774363,0.049708564,0.052442612,0.086420794,0.02965452,0.020721854,0.019949735,0.057408815,0.028911586,0.00574947,0.046795095,0.01176966,0.00513895,0.018106966,0.018434661,0.001177747,0.010894508,0.026005275,0.00611848,0.003823423,0.002105296,0.015902047,0.075128897,0.022869653,0.014832037,0.009728478,0.001170481,0.001501559,0,0.003505284,,,
Big_constant,092320_left_com3,0.213094632,0.128924943,0.073637499,0.157910794,0.056318131,0.085094989,0.013965775,0.129941712,0.09683085,0.087365305,0.032804663,0.101482836,0.297677445,0.096783462,0.192210468,0.16136146,0.224253962,0.047571972,0.052739667,0.037878985,0.045675787,0.085755839,0.084444895,0.092460525,0.250493856,0.32798387,0.324417115,0.29365567,0.160810185,0.302455725,0.183086406,0.412084392,0.301722793,0.417945145,0.236165159,0.439281513,0.484493286,0.364308121,0.483382261,0.173294549,0.352385461,0.31922022,0.345722852,0.608063986,0.790009956,0.341763325,0.936873609,0.481231468,0.125886137,0.239470471,0.217017843,0.448268115,0.22656137,1,0.349089023,0.043052085,0.133309881,0.153965274,0.329731889,0.317648481,0.291891863,0.477762071,0.109274364,0.32155123,0.335796701,0.24096403,0.041896177,0.046760188,0.03738237,0.064068805,0.033474188,0.092146221,0.389845335,0.260530391,0.068722697,0.078099552,,,
Big_constant,092320_left_com4,0.124428497,0.195852032,0.090580685,0.046906477,0.293995335,0.639358993,0.3879436,0.288204195,0.801189272,0.544255013,1,0.412814275,0.606341565,0.776905805,0.666753717,0.387339738,0.390416098,0.313948154,0.084400272,0.133081667,0.154170361,0.238329253,0.20497103,0.121414907,0.669420343,0.493988125,0.337600114,0.539453552,0.560100158,0.615178431,0.439350785,0.993314629,0.679598544,0.724320037,0.379430004,0.975570551,0.115571464,0.267091421,0.135822138,0.197395499,0.429214218,0.373402377,0.560140772,0.315050823,0.348100972,0.694337029,0.108038151,0.188737992,0.298189088,0.190581303,0.247056039,0.136350814,0.138544362,0.058919067,0.252157986,0.166633357,0.371758918,0.362773981,0.768487547,0.92753391,0.189724485,0.072297462,0.196470533,0.438356733,0.275758734,0.110779629,0.104620948,0.147963644,0.162775725,0.176127885,0.118700191,0.079675501,0.160166564,0.121923965,0.082789484,0.002862431,,,
Big_constant,092320_left_com5,0.181892992,0.156097,0.218373168,0.161790301,0.018623313,0.289485848,0.420096561,0.328168971,0.527116062,0.844444742,0.222747248,0.440577771,0.332380132,0.016983307,0.38897281,0.213343748,0.485866062,0.844742703,0.248576309,0.619546228,0.589074772,0.416081259,0.126852673,0.080305226,0.085199566,0.080958392,0.14403193,0.084987046,0.203463812,0.646544785,0.241457159,0.352267947,0.46271793,0.294808365,0.14744677,0.198506851,0.523498013,0.3284587,0.376980832,0.540439257,0.594426359,0.430081585,1,0.666877352,0.270442963,0.117442287,0.18428677,0.094052661,0.003571962,0.120641478,0.164811172,0.189347593,0.130180386,0.236549574,0.424658709,0.099722168,0.111279754,0.336993989,0.148003232,0.060200578,0.081489765,0.066117591,0.172722251,0.101390516,0.144586758,0.232004249,0.203833508,0.127835617,0.212878837,0.304402831,0.061618282,0.524126648,0.166123932,0.217565261,0.100782755,0.073989821,,,
Big_constant,092320_left_com6,0.112892448,0.231483079,0.155412968,0.075629808,0.003853046,0.015676467,0.004242149,0.003148578,0.083705639,0.110263673,0.132532553,0.174930569,0.093394241,0.029403264,0.144865469,0.161798889,0.110543775,0.895482508,0.211521446,0.016677813,0.236264598,0.169910833,0.174778055,0.073100225,0.016650356,0.037833948,0.209542713,0.078442895,0.083891899,0.024123462,0.372092134,0.539311804,0.338727105,0.101759688,0.141149385,0.151239063,0.074721256,0.024658237,0.069544091,0.118253052,0.239579299,0.429247382,0.2540037,0.052068022,0.081959698,0.011568784,0.065279118,0.089167198,0.097895979,0.257826311,0.132194068,0.095780956,0.18760514,0.511095877,0.339499237,0.252012373,0.709627757,0.148299905,0.190265803,0.396714991,0.572069475,0.459289658,1,0.734739365,0.346267608,0.831371113,0.481172688,0.462213683,0.340149436,0.381010992,0.868649421,0.69961143,0.819867823,0.377375941,0.664318964,0.545099477,,,
Big_constant,092320_right_com1,0.091575802,0.072432031,0.06812408,0.02921904,0.018726917,0.008788833,0.01960137,0.050781307,0.018451928,0.007224885,0.116668554,0.090704129,0.053221315,0.055868604,0.108083503,0.165560556,0.217126559,0.205552299,0.368438348,0.153426644,0.093268396,0.221683497,0.303500177,0.421837895,0.30568312,0.246051599,0.316213412,0.31272339,0.099497238,0.123054971,0.076391248,0.228284491,0.209224029,0.228130928,0.228056354,0.424004779,0.391958597,0.725512557,0.518779221,0.058352142,0.096164458,0.155142434,0.241558674,0.259560729,0.185682107,0.400995478,0.257287044,0.263944802,0.136899808,0.089979758,0.193955228,0.193816944,0.410363618,0.359188623,0.504097136,0.332186307,0.127441164,0.183799714,0.345748785,0.283980392,0.341471456,0.234062369,0.318478933,0.579859351,0.472456622,1,0.006490037,0.003633027,0.001341441,0.000949614,0.090602924,0.068475963,0.000503911,0.056381884,0.033630626,0.007513885,,,
Big_constant,092320_right_com2,0.07952175,0.102154829,0.058871466,0.057919431,0.010162585,0.03884681,0.001223244,0.000901549,0,0.0008691,0.001407371,0.012925884,0.009326146,0.022789636,0.005347482,0.001204837,0.028290843,0.042300858,0.060914587,0.092933608,0.0336348,0.677486263,0.89323343,0.487647314,0.209971859,0.352096371,0.355699483,0.293761765,0.882954519,0.724521322,0.566131929,0.743487888,0.811963944,0.78663886,0.639384063,0.573226678,0.500471077,0.348936017,0.317336816,0.116823795,0.573330558,0.427686873,0.748304637,0.603821953,0.423526292,0.180949087,0.510979789,0.359482208,0.250935467,0.287855059,0.744148431,0.18483709,0.173525011,0.706309891,0.386581428,0.604038814,0.756580204,0.592653102,0.774184821,0.709997802,0.755990608,0.978610348,0.592668554,0.136837497,0.081973731,0.065342374,0.010029129,0.006920699,0.001672549,0.004209602,0.272189104,0.081880848,0.270084815,0.098990346,0.611261776,1,,,
Big_constant,092320_right_com3,0.195438226,0.221561401,0.163131334,0.128716036,0.048490729,0.005432107,0.049089953,0.162577305,0.008187729,0.031473908,0.181274405,0.219545579,0.125499984,0.166819307,0.0701416,0.290902548,0.322509798,0.328567988,1,0.355104684,0.189261555,0.368583521,0.547069675,0.317495534,0.084939596,0.251549778,0.414787882,0.181363139,0.029233677,0.178151709,0.374832363,0.545543302,0.313082633,0.254096931,0.525379817,0.554603919,0.271091634,0.438792388,0.424491375,0.321361891,0.319995764,0.04213315,0.061019288,0.109878003,0.004149244,0.011822505,0.026482976,0.29324215,0.371990768,0.349616283,0.133070089,0.216511098,0.264476497,0.113367236,0.344280103,0.181789299,0.321584425,0.295247015,0.268527803,0.395830583,0.263548993,0.3443182,0.29335078,0.178976209,0.035185737,0.064901399,0.084971193,0.018240175,0.077221886,0.270946527,0.355541141,0.152625494,0.465000607,0.247788902,0.020817098,0.032903901,,,
Big_constant,092320_right_com4,0.040737825,0.047854128,0.011128219,0.038741287,0.002880356,0.007787083,0.003531326,6.62E-05,0.013052795,0.030271357,0.190243424,0.263034685,0.146349511,0.170129374,0.221490885,0.15202234,0.286955934,0.163739956,0.367093117,0.382791987,0.268664722,0.244489006,0.081643487,0.668033067,0.228256452,0.295191981,0.405858927,0.239484982,0.261446077,0.507458399,0.558268478,0.444409103,0.70623114,1,0.50517982,0.595010432,0.715113364,0.78799078,0.596986655,0.976381669,0.587585013,0.33808383,0.335446963,0.522910067,0.287992932,0.382698783,0.688869882,0.341854184,0.345233368,0.312466724,0.211184985,0.165321432,0.059071752,0.326344042,0.16398424,0.235297413,0.279154802,0.391746324,0.26189849,0.231639673,0.293011069,0.236938822,0.254569258,0.223021279,0.028319166,0.006051914,0.022650296,0.044387932,0.129126017,0.020018287,0.016888117,0.038045409,0.000114903,0,0.042155423,0.176034956,,,
Big_constant,092320_right_com5,0.174755986,0.109363558,0.134648794,0.081516463,0.006947887,0.028499502,0.144444675,0.093869722,0.13190851,0.068064603,0.288801679,0.314626465,0.432769552,0.412992681,0.374356581,0.201270675,0.120191489,0.256177733,0.525856305,0.251212268,0.406340908,0.266839511,0.561083183,0.50248181,0.640600778,1,0.497825476,0.518412679,0.27045034,0.359359719,0.473208138,0.225052535,0.246470993,0.276251987,0.363886776,0.117695008,0.254127371,0.21468294,0.235154917,0.240875323,0.550822789,0.873772044,0.926983713,0.403173372,0.88780702,0.416369094,0.508260234,0.107251764,0.224939153,0.0879314,0.169114067,0.195646765,0.117381889,0.154710929,0.277398125,0.276856429,0.807280346,0.353724998,0.369936506,0.143551727,0.324885697,0.331254513,0.197564965,0.077200649,0.035886878,0.049794664,0.007998294,0.042187102,0.016414356,0.007652646,0.525614141,0.3422531,0.046666444,0.023887671,0.013633868,0.038351745,,,
Big_constant,092320_right_com6,0.225826035,0.253456119,0.152641212,0.120380304,0.157104328,0.383925943,0.329240946,0.053748801,0.054153745,0.352389648,0.427892728,0.209971418,0.205998322,0.200549547,0.240823536,0.40089941,0.365684339,0.399660065,0.133994583,0.168615851,0.208322186,0.220830569,0.697107039,0.839947976,0.26165305,0.38547566,1,0.580158729,0.360127097,0.11296252,0.051546233,0.289324762,0.625921774,0.47180899,0.295533503,0.283841303,0.274511751,0.203072057,0.117225646,0.084686935,0.096259813,0.012192993,0.031374613,0.078900595,0.105980625,0.135385346,0.18664718,0.114713459,0.1235452,0.074814998,0.067050467,0.053293134,0.085979667,0.0323009,0.01362135,0.008234936,0.000258936,0.013744924,0.006577672,0.001733274,0.001093769,0.047565125,0.210796742,0.154693058,0.154673159,0.132216861,0.136161347,0.148420022,0.039284281,0.031470795,0.085823823,0.011314338,0.196588651,0.367374014,0.35761842,0.20612809,,,
Big_constant_mean,True_constant_mean,0.132992669,0.145659292,0.111639258,0.090688148,0.148150937,0.160074776,0.170379165,0.185187505,0.19165436,0.214505713,0.265563132,0.239403162,0.212554398,0.211534009,0.277795375,0.244660379,0.23476978,0.323253621,0.263292537,0.240737313,0.187062972,0.226372918,0.256329545,0.226786705,0.234453622,0.215878343,0.250367266,0.246540492,0.222269532,0.233662907,0.281638882,0.282575443,0.313189097,0.312450996,0.263039975,0.337976796,0.275144854,0.26024933,0.230210058,0.215671064,0.227586956,0.27163754,0.296205081,0.233011576,0.223042464,0.21341621,0.273612772,0.236924623,0.217804767,0.229165209,0.262131381,0.179637642,0.190354802,0.259385521,0.240080454,0.232004311,0.236391827,0.226490192,0.277633442,0.229946362,0.243904293,0.251656158,0.192805999,0.242537706,0.237600735,0.202419728,0.147989498,0.171479799,0.17344819,0.202051549,0.235524311,0.230933452,0.214003336,0.204383604,0.156794696,0.216733412,0.162530844,0.204571336,0.13319599
Small_cycle,082620_left_com1,0.051525241,0.075989661,0.124676411,0.199175577,0.122925537,0.068094839,0.019925577,0.038636846,0.203456176,0.212470372,0.136431072,1,0.494215424,0.089211715,0.033638497,0.041671881,0.00827444,0.028692924,0.108220492,0.081468354,0.072450243,0.004130662,0.006879459,0.003507032,0.125448567,0.136972964,0.165646678,0.498887497,0.122725369,0.59239653,0.085796691,0.402319132,0.099266716,0.101651257,0.024853818,0.009783504,0.083788494,0.045610514,0.135707255,0.065436895,0.084155383,0.157979798,0.072187264,0.082134147,0.088601512,0.15208326,0.012198004,0.024883578,0.15369075,0.220637744,0.102484989,0.030549089,0.131871025,0.250963311,0.085395504,0.020666781,0.025412595,0.194497544,0.12811562,0.016223533,0.253752858,0.180431277,0.073168716,0.079069304,0.390634176,0.453906359,0.158211669,0.092084102,0.206589382,0.111173291,,,,,,,,,
Small_cycle,082620_left_com2,0.188510946,0.073908463,0.084769958,0.061073564,0.102268198,0.264551076,0.23592239,0.324049861,0.400437264,0.296776797,0.397625778,0.833810764,0.41296548,0.598249341,0.38181172,0.571254532,0.515465764,0.368746953,0.335170647,0.31241416,0.306890993,0.131456253,0.161708153,0.119293196,0.33250024,0.076021051,0.269397893,0.04674662,0.077629046,0.128053515,0.535347659,0.605487851,0.286868454,0.493508291,0.359310877,0.08921173,0.800663921,0.399580351,0.920219475,0.315851667,0.38522343,0.352535221,0.423451909,0.256039609,0.762197818,0.746791183,0.5130426,0.79466779,0.585437679,1,0.881559692,0.778924865,0.590909715,0.66639157,0.716384779,0.999370107,0.425321344,0.469441949,0.360146889,0.996056608,0.604981479,0.395851089,0.435054067,0.696764988,0.901294852,0.758058714,0.285833273,0.82759398,0.297929464,0.306346089,,,,,,,,,
Small_cycle,082620_left_com3,0.490885156,0.235037707,0.211306689,0.421946173,0.516763425,0.364455715,0.509699981,0.253545556,0.511906424,0.411538751,0.475117371,0.250846117,0.268307287,0.181237893,0.163346743,0.217857088,0.426244907,0.2752833,0.212419178,0.318918036,0.618359863,0.236258814,0.23084684,0.249867718,0.325182012,0.373134955,0.374215383,0.306275476,0.385866112,0.37029328,0.63834434,0.598351974,0.760907202,0.649770901,0.362246537,1,0.837565017,0.293161224,0.401027372,0.268316174,0.255651752,0.296791668,0.067803237,0.086952607,0.18970185,0.364976623,0.426878849,0.184394266,0.455397948,0.586883666,0.29758017,0.575470472,0.362027552,0.523056733,0.88652477,0.561455276,0.791013576,0.41522052,0.491300655,0.61131048,0.416424511,0.615215347,0.247987428,0.334767049,0.354413315,0.159626946,0.060236606,0.168371012,0.332555524,0.378092925,,,,,,,,,
Small_cycle,082620_left_com4,0.093261499,0.089747366,0.055355326,0.137178678,0.195718567,0.479400315,0.674458687,0.777350665,0.483865993,0.684538548,0.735435527,1,0.046289445,0.615567993,0.509503895,0.479675222,0.435640638,0.360801933,0.379112029,0.371423517,0.298814859,0.093707816,0.264198799,0.436488065,0.307777867,0.260272127,0.453280423,0.366351478,0.493878103,0.733179333,0.655293531,0.813843916,0.613128765,0.226840968,0.063334505,0.195032838,0.217342213,0.170626625,0.238803904,0.065568879,0.087818161,0.065696364,0.074800098,0.057933744,0.087224401,0.2721699,0.211206711,0.225290799,0.252781108,0.243608065,0.386434454,0.66374005,0.087898046,0.296984303,0.384217321,0.423172871,0.319596819,0.371895057,0.276844413,0.323574426,0.20705608,0.45904436,0.351845154,0.081458043,0.13997026,0.126067306,0.087963026,0.049875752,0.032390199,0.311898498,,,,,,,,,
Small_cycle,082620_left_com5,0.193418233,0.19200645,0.174485872,0.260625512,0.320373445,0.320820037,0.485424654,0.270308111,0.215554871,0.260439165,0.383222266,0.390299818,0.60427326,0.423306939,0.650558632,0.450715047,0.260041756,0.125592488,0.050982742,0.272747377,0.280241732,0.285216307,0.451404022,0.662463685,0.593546166,0.724654737,0.825353078,0.940555986,0.814722062,0.597244842,1,0.775848321,0.553035231,0.777075142,0.978978005,0.819335322,0.564675316,0.598290821,0.311786308,0.34549778,0.547986611,0.465122733,0.276850994,0.108401003,0.129366761,0.145119817,0.168358106,0.221378384,0.240864411,0.343917014,0.52668128,0.68268203,0.571330839,0.502543235,0.639247074,0.539239107,0.245927828,0.500148414,0.782133327,0.548346829,0.734124327,0.669661654,0.421477088,0.118685807,0.104125586,0.210491778,0.171311181,0.196372616,0.225006963,0.250739236,,,,,,,,,
Small_cycle,082620_left_com6,0.032625088,0.04963682,0.034951205,0.022008416,0.057563267,0.029612364,0.056438808,0.072320484,0.089650885,0.067695894,0.105740665,0.092193705,0.169963189,0.297344233,0.22028904,0.516750821,0.619510907,0.25301053,0.387761267,0.346449519,0.390799146,0.55785093,0.342282195,0.235610196,0.290948377,0.226380855,0.198028555,0.249343046,0.285559861,0.41579572,0.489243111,0.42501623,0.46442155,0.614905838,0.58916916,0.556267286,0.545244147,0.697376202,0.738893647,0.491798134,0.510871094,0.228817958,0.198840982,0.215351206,0.280216261,0.489131187,0.485877808,0.393368882,0.513550535,0.611062035,0.681524243,0.904505332,1,0.75451742,0.671928224,0.634978449,0.4679474,0.447320539,0.330956223,0.418612748,0.394838123,0.386461883,0.336758519,0.513223526,0.495670673,0.385057151,0.639077111,0.501599464,0.466077894,0.535483468,,,,,,,,,
Small_cycle,093120_left_com1,0.109437714,0.007918652,0.027020742,0.094788708,0.266154957,0.990101657,0.603128824,0.440064865,0.292637352,0.429768,0.177432538,0.080980995,0.100008504,0.136485406,0.219735202,0.162586192,0.207828325,0.176283106,0.332451344,0.05621302,0.103186144,0.177192459,0.11426448,0.128893361,0.145362814,0.104179192,0.246024343,0.323598114,1,0.223807666,0.067647833,0.032073189,0.019452055,0.127222996,0.332559315,0.129428028,0.028893263,0.219690059,0.085814597,0.019570059,0.02814595,0.00086593,0.000278801,0,9.13E-05,0,0.001526131,0.010472805,0.035920231,0.001652916,0.015674719,0.021746061,0.024353238,0.023986009,0.025523215,0.19374748,0.155214488,0.097392812,0.112107905,0.031687884,0.142527236,0.212970308,0.383643026,0.459503586,0.829962056,0.509422684,0.283385176,0.241847584,0.540535769,0.390173005,0.253072842,0.153193687,0.154914737,0.150721084,0.798560326,0.59251713,,,
Small_cycle,093120_left_com2,0.28615166,0.084291327,0.022074494,0.212747811,0.314776652,0.26234581,0.300231065,0.249305962,0.404858545,0.325753227,0.088300728,0.248433459,0.376066999,0.22562301,0.326711472,0.531861464,0.244251218,0.070721673,0.113838529,0.007090155,0.120049107,0.095037818,0.2492029,0.171058295,0.32717744,0.097600142,0.335868108,0.114960229,0.149640859,0.219986507,0.270521797,0.215118681,0.280415639,0.196470822,0.638851218,0.209661259,0.297477979,0.476937798,0.297785134,0.15647438,0.38694584,1,0.651194385,0.536865338,0.126735715,0.082718271,0.139863692,0.124488995,0.123131891,0.146498221,0.294287948,0.086672275,0.203059449,0.061095057,0.090382189,0.069926998,0.195628218,0.354086833,0.5546608,0.160624978,0.21356846,0.198023868,0.085025455,0.225946423,0.545752679,0.172345291,0.125142005,0.295852081,0.140615423,0.094774134,0.072564334,0.003841449,0.069539217,0.086097466,0.008218562,0.001257532,,,
Small_cycle,093120_left_com3,0.054038931,0.000645681,0.095409306,0.001463862,0.018298332,0.067868616,0.106063561,0.208485025,0.164333715,0.157201543,0.108208059,0.725948569,1,0.445311299,0.033210621,0.484565836,0.610544525,0.233519503,0.069592751,0.038253634,0.101522268,0.181824397,0.225869503,0.490794927,0.494834849,0.304282225,0.565682766,0.136267758,0.19706687,0.271982388,0.744231544,0.957184284,0.55905628,0.566889798,0.396494382,0.142998251,0.089393531,0.033863245,0.117220006,0.432735063,0.166533022,0.065865471,0.253362656,0.903536153,0.711891814,0.145147873,0.143257968,0.313770662,0.110099,0.049577924,0.307053681,0.713267322,0.256954491,0.124136596,0.058391396,0.056954815,0.051584451,0.040413747,0.284209707,0.335052256,0.683330274,0.352067225,0.014780063,0.002459139,8.13E-05,0.00060067,0.02934147,0.426524659,0.108515958,0.126727508,0.219600663,0.347914153,0.46959735,0.000156665,0.103263313,0.047479356,,,
Small_cycle,093120_left_com4,0.174967553,0.133600554,0.233366598,0.156828139,0.137799692,0.209417168,0.68267075,0.382800404,0.204555675,0.281530989,0.228465816,0.319731916,0.252904028,0.191739331,0.070574997,0.125809185,0.073384749,0.098402092,0.106187884,0.020210131,0.125328614,0.097437382,0.144450495,0.114987589,0.222211026,0.01922103,0.082325372,0.141891621,0.05263974,0.042058133,0.107099431,0.085693403,0.289816953,0.977557481,0.902175918,1,0.605634585,0.253755455,0.374488441,0.597123188,0.531373137,0.683349573,0.056120084,0.081224668,0.2316159,0.129663447,0.283796639,0.142834228,0.166318964,0.135425751,0.037886129,0.03987877,0.136528058,0.115955638,0.21992471,0.099662794,0.079679102,0.152248593,0.156784903,0.269947258,0.229917819,0.248975697,0.04522726,0.048862111,0.023002734,0,0.038214999,0.162611317,0.036219837,0.011022158,0.125843209,0.180529657,0.069675435,0.007914809,0.00282856,0.064350443,,,
Small_cycle,093120_left_com5,0.065190714,0.101110581,0.04622626,0.206818418,0.040841537,0.049066893,0.052082149,0.032680481,0.174073692,0.110392193,1,0.104283684,0.302556701,0.437109365,0.290452613,0.185821026,0.283477452,0.131243016,0.007164769,0.10298563,0.048075511,0.030333583,0.034018623,0.059730395,0.095984982,0.000265981,0.000241459,0.006035697,0.009972673,0.060834505,0.010364207,0.037295421,0.109378423,0.404586455,0.774550434,0.709739597,0.276067145,0.516547545,0.234547836,0.095971416,0.082203233,0.014767664,0.022509724,0.022356586,0.01784252,0.066420584,0.086181115,0.08819977,0.129738106,0.05290513,0.1516543,0.060492864,0.051184174,0.112798332,0.06888013,0.261424691,0.006193117,0.100711543,0.031041689,0.295376662,0.085393222,0.014808057,0.015925402,0.029308453,0.018567587,0.017548137,0.031902377,0.03542894,0.012820116,0.042995489,0.04022728,0.023703751,0.037881794,0.077142315,0.052232976,0.21690797,,,
Small_cycle,093120_left_com6,0.117847874,0.062186988,0.021602214,0.016589337,0.034147211,0.038311283,0.115232882,0.012145763,0.162291172,0.135223428,0.007369811,0.036959206,0.051977594,0.028141802,0.101596192,0.07139832,0.045419574,0.048073334,0.020484449,0.059750321,0.074702273,0.060538259,0.056462938,0.089315924,0.009487625,0.005098792,0.030914614,0.043556493,0.083119605,0.073275875,0.098171989,0.079983768,0.089541128,0.096528012,0.086282786,0.047449078,0.075262456,0.07729376,0.264319324,0.548401762,0.236655291,0.48598963,0.540171991,0.522664202,0.254917428,0.757336228,0.167227579,0.950156615,0.08929696,0.019859659,0.016733114,0.025044496,0.014861955,0.389225158,0.14473992,0.394480443,0.417976601,1,0.687302389,0.806908393,0.399999002,0.018363598,0.319442495,0.320690516,0.281253455,0.665337592,0.265650275,0.369598253,0.061119125,0.005257192,0.050348351,0.033297681,0.439976067,0.206672984,0.392452522,0.004586143,,,
Small_cycle,093120_right_com1,0.05129391,0.08976333,0.047496962,0.021539933,0.076182371,0.021553183,0.037614185,0.114146513,0.0759927,0.014663574,0.089459413,0.057818277,0.033611891,0.089306685,0.159210239,0.035499225,0.032354407,0.031913026,0.034934501,0.022680788,0.014281803,0.040518953,0.011848953,0.004199663,0.008876994,0.040876931,0.09887688,0.063965251,0.090031657,0.066861122,0.037479848,0.179781251,0.170364352,0.075923579,0.07991893,0.136833528,0.021678493,0.111465961,0.145186524,0.034018886,0.036707512,0.099079382,0.040887702,0.063106506,0.020907329,0.053727612,0.088332349,0.071126108,0.123330782,0.113051987,0.328274847,0.169178957,0.176709582,0.143695481,0.006788714,0.579869468,1,0.105791418,0.192390033,0.108414872,0.214353348,0.204633044,0.017629764,0.005965099,0.00393824,0.011760346,0.001389227,0.011934039,0.041280451,0.03167912,0.056048932,0.013145701,0.027097664,0.036765913,0.04879755,0.049810833,,,
Small_cycle,093120_right_com2,0.054819476,0.015028001,0.067907925,0.003141706,0.001347973,0.000901637,0.001663751,0.023839405,0.00017248,0.02600489,0.102098297,0.050468371,0.033431623,0.002335389,0.000985109,0.00815539,0.116429358,0.048108448,0.00923094,0.004226739,0.000470832,0.032328088,0,0.322706301,0.126663415,0.166833163,0.087103816,0.096604669,0.005572735,0.066913907,0.003436755,0.145382341,0.132030616,0.523723739,0.341829878,0.143828199,0.153784582,0.177501482,0.151756636,0.286907915,0.060880049,1,0.456346459,0.058521603,0.405383503,0.287916931,0.110580289,0.068178646,0.029549852,0.21273416,0.152232326,0.071788124,0.300274149,0.310854197,0.133635897,0.073362454,0.121060263,0.210260229,0.173226072,0.099910459,0.323003746,0.204889162,0.066759407,0.145531475,0.108512602,0.355661885,0.171984938,0.061279209,0.15313077,0.596414827,0.060418157,0.259882584,0.731462051,0.032839447,0.059893795,0.104572244,,,
Small_cycle,093120_right_com3,0.265779372,0.045390032,0.000801123,0.005810418,0.027722159,0.00158363,0.006574324,0.038727312,0.079241262,0.363233256,0.583632411,0.096354763,0.142037026,0.158423544,0.310416765,0.101407254,0.167480497,0.378177252,0.252988285,0.219480932,0.159604196,0.208012614,0.109285989,0.039496576,0.017880958,0.013431773,0.047609715,0.042272041,0.021372029,0.033893832,0.106504809,0.049884772,0.440621818,0.523597127,0.331407392,0.236858344,0.201315962,0.284338207,0.116574045,0.186473779,0.03994539,0.033107148,0.114200524,0.556292406,0.964121214,0.128431771,0.04683642,0.045297918,0.080437675,0.103729101,0.124706807,0.236053997,0.052026911,0.0813485,0.025708853,0.04186734,0.058699801,0.100432656,0.08144011,0.270274742,0.32745623,0.596676076,0.551838709,1,0.624717195,0.306719124,0.144385242,0.155628831,0.103154616,0.532253588,0.125948784,0.138358778,0.249150635,0.132397182,0.013778877,0.008289234,,,
Small_cycle,093120_right_com4,0.067715425,0.049474372,0.003415746,7.93E-05,0.000160789,0,0.000434357,0.037181889,0.01752607,0.003476119,0.010553334,0.022086363,0.06198594,0.003739427,0.003460497,0.095299722,0.004868845,0,0.003493774,0.007544402,0.02872978,0.010479181,0.026101596,0.033537864,0.002815769,0.000431988,0,0.001294591,0,0.00170992,0.004633985,0.015633826,0.085774323,0.022686728,0.019870909,0.016416599,0.007575506,0.000880167,0.004413814,0.00273675,0.00228485,0.00071888,0.000825444,0,0.000367848,0,0.000906773,0.000191706,0.000964632,0,0.000925794,0,0.002768959,0.032046037,0.087091138,0,0.004026649,0.001437007,0.024702117,0.016753905,0.012530725,0.071389382,0.45761245,0.202234321,0.101317658,0.012881756,0.567457434,0.064228365,0.009941534,0.132083308,0.222862947,0.000793705,0.000854614,0.115238658,0.546189308,1,,,
Small_cycle,093120_right_com5,0.083686278,0.037250107,0.205988049,0.118034465,0.181990708,0.108211675,0.080170011,0.326325696,0.373137538,0.505766364,0.572722217,1,0.419660027,0.116647444,0.10510835,0.234336029,0.422168703,0.098014646,0.142089597,0.075815906,0.042352039,0.146046101,0.051021204,0.089049515,0.081462467,0.102234455,0.05936125,0.068345118,0.054549531,0.096372169,0.164090047,0.254639944,0.231276251,0.210023455,0.151865925,0.103110497,0.109473722,0.225716937,0.111381935,0.097016527,0.118903568,0.09233651,0.053953964,0.068701564,0.055524534,0.096300026,0.036756044,0.028164686,0.063324553,0.024112829,0.010414157,0.05255673,0.032805392,0.008011732,0.017331392,0.039913821,0.04357401,0.187865655,0.090158493,0.139839483,0.097670266,0.057677366,0.113943907,0.019301146,0.12702406,0.096584612,0.015066834,0.060533705,0.033709325,0.023524128,0.038684309,0.054983045,0.027171548,0.052174313,0.012996122,0.037332682,,,
Small_cycle,093120_right_com6,0.073478556,0.048852808,0.059142641,0.002233813,0,0.000871925,0.001021309,0.013322837,0.037072164,0.209922915,0.197491321,0.124846815,0.207366521,0.107300877,0.103992824,0.013090509,0.063753022,0.05002032,0.030068864,0.073411718,0.083827713,0.057810468,0.02092349,0.025224365,0.016294758,0.003030707,0,0,0.009572876,0,0.000423826,0.021926986,0.256175594,0.213608052,0.570080782,0.460619698,0.588077245,0.234627451,0.101112106,0.196460771,0.729567879,1,0.02259891,0.006248315,0.31851616,0.631729669,0.057322852,0.002962928,0,0,0.001230105,0,0,0.000102451,0,0.035913517,0.001775605,0.08732314,0.113331459,0.840663985,0.153733674,0.200204152,0.339299732,0.313298909,0.182769915,0.292964679,0.340727539,0.234682269,0.476299859,0.205062026,0.05536049,0.11896101,0.008338021,0.151510656,0.001880146,0,,,
Small_cycle_mean,Small_cycle_mean,0.136368535,0.077324383,0.084222084,0.107893548,0.134168601,0.182064879,0.220486515,0.200846537,0.216153554,0.249799779,0.299961479,0.35750349,0.276534497,0.230393428,0.204700189,0.240430819,0.252063283,0.154255808,0.144232891,0.132838019,0.159427062,0.135898894,0.138931647,0.182012481,0.195803129,0.147495726,0.213329463,0.191497316,0.214106618,0.221925513,0.278812856,0.316414738,0.302307297,0.377920591,0.389098932,0.333698542,0.305772977,0.267625767,0.263946575,0.233686668,0.238436231,0.335723552,0.184799174,0.201462759,0.258067994,0.252759132,0.165563885,0.204990487,0.17521306,0.214758678,0.239852153,0.284030635,0.221975752,0.24431732,0.236783068,0.279222578,0.245035104,0.268693759,0.270602934,0.349421083,0.305258965,0.282630197,0.237634369,0.255392772,0.290722688,0.25194639,0.18984891,0.219780343,0.182105123,0.226983333,0.110081691,0.1107171,0.190471594,0.087469291,0.170091005,0.177258631,,,
Small_constant,091120_left_com1,0.033274327,0.020049128,0.003413911,0.004820323,0.006009469,0.002075062,0.024180749,0.011096574,0.034296457,0.043952546,0.054396388,0.114638978,0.101273928,0.215624918,0.080629428,0.432335297,0.157377552,0.65478849,0.521695687,0.8357252,0.966352386,0.594585003,0.438924721,0.880413385,0.121539436,0.170239138,0.033012204,0.099301268,0.006458673,0.009836498,0.021677321,0.046129789,0.268917044,0.441065007,1,0.203678448,0.693974323,0.228909251,0.333746216,0.047775786,0.083197179,0.074055391,0.199569215,0.112442967,0.172064815,0.466069683,0.647845416,0.448173937,0.164072206,0.044004594,0.079373767,0.01044593,0.143622337,0.401299023,0.11162884,0.100851719,0.433577855,0.196142834,0.302794007,0.346473851,0.243748266,0.1208621,0.042371306,0.043244467,0.043622245,0.036705858,0.141640567,0.08589424,0.023686681,0.044510194,0,0.000117224,,,,,,,
Small_constant,091120_left_com2,0.403435031,0.194308017,0.302910966,0.661246694,0.654701964,0.412464785,0.334664186,0.080205757,0.335215632,0.257934742,0.142061876,0.024289018,0.179327497,0.44909767,0.607758625,0.463026278,0.822242716,0.466998066,0.524387082,0.293649136,0.324786121,0.680748487,0.434989381,0.384519529,0.364241552,0.319920305,0.335056804,0.163661562,0.344449874,0.496830977,0.070034273,0.223135627,0.392274839,0.413480991,0.40023766,0.535849538,0.171804828,0.581884038,0.221698642,0.279656914,0.25110434,0.37786588,0.082918675,0.129502247,0.581864532,0.147880265,0.305226408,0.189754846,0.581647754,0.658924504,0.616117211,0.886915307,0.461221471,0.219305882,0.453474538,0.056075763,0.269185209,0.243742298,0.261498617,0.807528985,0.593588924,0.211065006,0.230302347,0.509266785,0.619379059,0.706266625,0.665971248,1,0.395906615,0.362165803,0.273036069,0.474964304,,,,,,,
Small_constant,091120_left_com3,0.107520395,0.350466084,0.704290052,0.599439541,1,0.578423917,0.156619972,0.101015139,0.242991132,0.430278808,0.090805127,0.342495237,0.112185414,0.449303941,0.126584565,0.062518443,0.047533061,0.02256854,0.146866024,0.375404147,0.59288818,0.12715727,0.056908956,0.039753422,0.083000592,0.041318618,0.047426017,0.154209564,0.396374921,0.137235283,0.101441559,0.066554324,0.252667225,0.076408668,0.10742749,0.125121436,0.066086338,0.103675235,0.113737986,0.122382932,0.09829493,0.137793282,0.05617024,0.07466314,0.045925544,0.014640203,0.007352194,0.03322584,0.017892568,0.074201906,0.025516481,0.153605909,0.312858471,0.042541447,0.022559889,0.011459762,0.05592198,0.168278169,0.050693072,0.08315647,0.030562833,0.351719587,0.227993298,0.052779079,0.194784729,0.027865595,0.138119388,0.271570931,0.335193811,0.014138827,0.000398469,0.039744733,,,,,,,
Small_constant,091120_left_com5,0.705413235,0.70050149,0.340852356,0.326115404,0.454919859,0.388873068,0.120565399,0.115521621,0.512586019,1,0.958294729,0.068106469,0.787763466,0.651428608,0.503406503,0.362559401,0.190927035,0.336431158,0.540604064,0.885827829,0.336662076,0.000988555,0.011953741,0.047054898,0.006323172,0.007297781,0.052896276,0.044565329,0.033285326,0.012469918,0.002220302,0.021992838,0.035525808,0.079413575,0.093951664,0.058638241,0.10947853,0.157473189,0.067484346,0.231848848,0.080827312,0.112688078,0.035823596,0.460343895,0.177910176,0.065224846,0.08597872,0.248422985,0.290404306,0.410789874,0.623115723,0.037981277,0.628509763,0.190315207,0.179252983,0.184935848,0.142468179,0.107133814,0.224455117,0.20161922,0.168684726,0.231772829,0.075367794,0.212446265,0.254083272,0.088286791,0.011532608,0.231566393,0.085665755,0.481256334,0.295475716,0.213819866,,,,,,,
Small_constant,091120_left_com6,0.148994525,0.177065101,0.265462425,0.408687334,0.327256621,0.131738287,0.132818679,0.330628536,0.220553754,0.447171821,0.697773531,0.46775994,0.519218276,0.552660739,0.503128023,0.044367136,0.108595524,0.167147626,0.359623518,0.15044702,1,0.351733773,0.624565409,0.529901554,0.187575918,0.266572408,0.007949185,0.013691412,0.211600648,0.162548615,0.2141383,0.209348155,0.181053914,0.584727109,0.142165912,0.182506877,0.210966099,0.089007199,0.286809062,0.618900858,0.021388687,0.433772445,0.149731756,0.258455003,0.260016957,0.143884209,0.148273319,0.12572613,0.172537376,0.177628662,0.192996649,0.214153311,0.409023761,0.105592261,0.276134836,0.329662924,0.26185205,0.382127621,0.247312247,0.122978854,0.078610368,0.073524687,0.136827826,0.045282043,0.020814396,0.856873443,0.573578639,0.061607916,0.169020806,0.916232079,0.015372432,0.349437529,,,,,,,
Small_constant,091120_right_com1,0.118858563,0.095044584,0.137723671,0.121181415,0.047761678,0.076909837,0.16451005,0.202034251,0.121078123,0.323003791,0.310187329,0.313837796,0.23748114,0.066367555,0.073975555,0.200168127,0.097713738,0.248538905,0.055389029,0.364781792,0.207389751,0.205681289,1,0.771983188,0.432281143,0.32263159,0.291097802,0.030322684,0.066252058,0.123512189,0.179788862,0.116671445,0.196252063,0.2079368,0.085166384,0.195219502,0.024752971,0.024299109,0.046431732,0.134820354,0.14560378,0.12355065,0.056407438,0.049289955,0.108573304,0.152949577,0.315061998,0.031459944,0.148728189,0.081159651,0.094400135,0.294329246,0.010300913,0.023174438,0.0467555,0.121254484,0.104983564,0.159707073,0.119375646,0.048499537,0.07762428,0.058311775,0.054488241,0.11802033,0.38655489,0.193982098,0.313441792,0.378787937,0.187883272,0.231287933,0.470962176,0.085872191,,,,,,,
Small_constant,091120_right_com2,0.162717372,0.224667,0.016498475,0.006606212,0.003661681,0.004883589,0.023586739,0.014421144,0.035986614,0.049542407,0.04438403,0.076857231,0.001373083,0,0.014854114,0.165472426,0.120705591,0.061942769,0.28576231,0.042881823,0.489553546,0.322113054,1,0.114364269,0.022230201,0.304413453,0.317529553,0.028551857,0.186205126,0.101113692,0.048947499,0.357089725,0.01165128,0.004957406,0.003917389,0.040042678,0.08359062,0.15413474,0.104036919,0.056525772,0.004833072,0.003766487,0.021684736,0.011206105,0.00531478,0.004647715,0.004567414,0.008355007,0.019675844,0.005348562,0.001622549,0,0.000211097,0,0.00085813,0.001733577,0.000561265,0,0.000681951,0.007662874,0.047895774,0.018638331,0.017980612,0.106223932,0.042969056,0.006103118,0.007366431,0.001863459,0.000470317,0.001988927,0.000232074,0.00148299,,,,,,,
Small_constant,091120_right_com3,0.285234485,0.409921272,0.317333816,0.205535613,0.504289023,0.548119721,0.307542183,0.249547614,0.408778736,0.257663277,0.488801527,0.66297725,0.222807399,0.710202366,0.11298998,0.150231591,0.142865147,0.460921552,0.122834316,0.452167937,0.81640337,0.419206494,0.86511279,0.933062034,0.35406273,1,0.034008563,0.293087203,0.150953989,0.079564824,0.379657486,0.268107086,0.088352952,0.191612344,0.345729342,0.111260344,0.139654193,0.113348192,0.00834366,0.002293332,0.077050612,0.048918335,0.002551119,0.030768482,0.002312387,0.02353836,0.260122792,0.117985037,0.061274095,0,0,0,0.002294352,0.008698808,0,0.003247729,0,0,0.071409714,0.079578941,0,0.028819635,5.03E-05,0,0.007318185,0,0.035010955,0.118818031,0.185814673,0,0.008543339,0.073698972,,,,,,,
Small_constant,091120_right_com4,0.022049812,0.06765354,0.043662387,0.219112506,0.259143879,0.17047704,0.033635146,0.052642833,0.077442863,0.062583217,0.141275575,0.121620455,0.071865447,0.021311391,0.009805744,0.068837825,0.055683515,0.062606882,0.028272676,0.027885553,0.124057127,0.028629791,0.03887004,0.0308445,0.046587358,0.022344465,0.015978307,0.022402807,0.001647838,0.063531069,0.038898092,0.019213869,0.015979418,0.065528173,0.155317906,0.111982828,0.039249034,0.095674666,0.087599171,0.103943668,0.116159576,0.010381343,0.005249878,0.010792682,0.009906879,0.006132523,0.038773079,0.03431433,0.038866179,0.44572506,1,0.476577718,0.37871559,0.408250725,0.188850463,0.095783815,0.11450638,0.090330191,0.185999037,0.313285081,0.47682999,0.297241414,0.308851972,0.30522892,0.15556837,0.314593575,0.409020677,0.133575972,0.212448885,0.095144909,0.115085941,0.06103663,,,,,,,
Small_constant,091120_right_com5,0.006691245,0.000809485,0.010744352,0.121112815,0.42358339,0.132827412,0.196784908,0.434921796,0.239364397,0.917142854,1,0.113254963,0.483342584,0.812236152,0.211373758,0.616026029,0.27107731,0.137418263,0.265126221,0.053298462,0.104198454,0.012685036,0.175444566,0.097082367,0.191991123,0.022496032,0.011830146,0.015532732,0.144658108,0.10748409,0.167065196,0.090397364,0.132724198,0.156119788,0.170530281,0.069549928,0.14895499,0.077458234,0.052164673,0.023415768,0.046115248,0.046493028,0.01826121,0.047260315,0.009322126,0.003683878,0.001868569,0.007168519,0.523492097,0.194267492,0.005760497,0.040306377,0.130253816,0.054940271,0.727584386,0.128702279,0.008619051,0.059156035,0.297337048,0.071707901,0.210908378,0.054455951,0.050572742,0.012527916,0.037160421,0.026754281,0.022997599,0.024888677,0.006750618,0.003438078,0.060069131,0.034714923,,,,,,,
Small_constant,091120_right_com6,0.017536326,0.362310108,0.208434055,0.761466613,0.503347903,0.288929963,0.430492908,0.421046904,0.304567903,0.83597363,0.45211294,0.547774057,0.887925544,0.543122944,0.392630417,0.085344367,0.623014353,1,0.258190426,0.285922549,0.31812193,0.471169736,0.067305092,0.126638982,0.241614739,0.111484611,0.499258498,0.54405956,0.232141845,0.753969703,0.787722809,0.311879754,0.894371876,0.876111625,0.105379779,0.015924612,0,0,0,0,0.000199795,0,0.039952633,0.004439951,0,0.011084608,0.145423346,0.015915174,0.043561483,0.034161636,0.044090411,0.135101365,0.134944248,0.045458676,0.026898369,0.031788245,0.044467038,0.031731703,0.018240433,0,0.000621715,0.009887013,0.007422188,0.02125832,0.039442913,0.028368308,0.025838038,0.015905021,0.004897971,0.014738429,0.074849758,0.010057099,,,,,,,
Small_constant,100520_left_com1,0.084218902,0.096978565,0.064858749,0.037902718,0.102852338,0.101698601,0.117498798,0.092760408,0.061403987,0.231730858,0.200935647,0.021122127,0.01270963,0.136950081,0.065424045,0.061106645,0.149755792,0.157277594,0.018861871,0.165299283,0.067619048,0.116563583,0.164350692,0.019174618,0.015492448,0.128828138,0.1857979,0.179864323,0.128601603,0.142263264,0.234449686,0.245955234,0.388045348,0.498599242,0.231039369,0.58153279,0.168415818,0.142517132,0.133038004,0.202603434,0.185195036,0.100344512,0.182122555,0.126317084,0.047734406,0.031774464,0.042985804,0.031521325,0.066952812,0.08077507,0.150987939,0.200225206,0.112802105,0.071620775,0.103972117,0.129405488,0.105466814,0.187773979,0.159876578,0.115984623,0.076772315,0.511128051,0.486942443,0.634114672,0.401775035,0.503971407,1,0.438841535,0.524353973,0.295004024,0.324685331,0.594552698,0.89907378,,,,,,
Small_constant,100520_left_com2,0.133328957,0.137227513,0.145466779,0.110512326,0.177500033,0.36623743,0.654475768,0.092679427,0.283529994,0.179419836,0.380055557,0.228124512,0.007547878,0.302490517,0.479268656,0.735091141,0.36475065,0.081407967,0.177959507,0.026477007,0.078920185,0.057435489,0.067040977,0.139369219,0.153514555,0.150809295,0.198801499,0.457629254,0.45670994,0.391198354,0.293390962,0.258300802,0.122591836,0.06466325,0.170306517,0.196355442,0.267853037,1,0.151338092,0.15258633,0.252446706,0.503926197,0.781036263,0.087344862,0.258295657,0.358322101,0.303040105,0.19064127,0.282163593,0.308690988,0.218176133,0.163221922,0,0.006911086,0.008109571,0.035120998,0.012145989,0.040543693,0.26865376,0.036320966,0.010374905,0.023294973,0.161654898,0.365473013,0.257438326,0.153561072,0.103200631,0.040985289,0.007543546,0.11646154,0.021082783,0.182281668,0.257466425,,,,,,
Small_constant,100520_left_com3,0.260311026,0.171020232,0.241877909,0.573275057,0.510817772,0.658478109,0.279502869,0.531483409,0.610160001,0.276910671,0.291110921,0.321953496,0.300371172,0.305618047,0.180092681,0.29823776,0.26097235,0.296959999,0.256378883,0.234581142,0.132330206,0.554543469,0.496567068,0.550218795,0.478990413,0.341487614,0.33588127,0.385488964,0.2744822,0.458581471,0.339301317,0.278261295,0.344589489,0.307684074,0.508519513,0.548669114,0.427650728,0.647175317,0.421588107,0.45798586,0.265155633,0.246654043,0.310175629,0.358803154,0.245843344,0.307192313,0.271426742,0.160435932,0.131844582,0.142225338,0.075183001,0.268121887,0.212534101,0.209502289,0.29697769,0.294820817,0.2543952,0.195199724,0.175421044,0.123363965,0.221156734,0.289468781,0.158728061,0.061422957,0.295275478,0.19531862,0.118073363,0.109818431,0.082610606,0.249939685,0.391457988,0.705694561,1,,,,,,
Small_constant,100520_left_com4,0.177028501,0.169118373,0.123421249,0.118470545,0.061697402,0.053345215,0.318937364,0.257721571,0.59781982,0.078096175,0.079713967,0.289637495,0.234539516,0.096570643,0.093097505,0.911506274,0.663478893,0.83911524,1,0.406908804,0.192307374,0.589322212,0.199855727,0.384541378,0.217482817,0.596776471,0.129246308,0.521324538,0.269661208,0.222054058,0.105410184,0.329297921,0.117057285,0.056492119,0.128143393,0.155361127,0.140974286,0.086440491,0.125321169,0.048835502,0.098764508,0.125900083,0.248160866,0.297516837,0.169620224,0.140452528,0.14631857,0.064215324,0.078882519,0.118972079,0.092516748,0.036408561,0.05596318,0.06906601,0.08665805,0.111486157,0.101620007,0.028965925,0.159886449,0.143476084,0.035508402,0.119588453,0.196002219,0.202288455,0.320142162,0.163823806,0.165592948,0.255032095,0.101862925,0.081534582,0.022315192,0.093824171,0.057887949,,,,,,
Small_constant,100520_left_com5,0.079159733,0.062798605,0.038812605,0.202246404,0.087335567,0.084731489,0.044998041,0.095707005,0.10923809,0.123611736,0.079571345,0.107345956,0.09320122,0.095448294,0.10838316,0.197552137,0.509225869,1,0.839839156,0.874120947,0.322556513,0.330433395,0.391659896,0.618800621,0.369275819,0.522636812,0.358226832,0.150933822,0.208628771,0.171397265,0.260141011,0.603265757,0.245720175,0.240287672,0.446464281,0.685958412,0.380943455,0.374395333,0.211122087,0.149902901,0.263694138,0.216290484,0.207996558,0.287592554,0.247617819,0.309527252,0.231047928,0.248449215,0.187833419,0.188075589,0.255242442,0.267730365,0.167625432,0.195165855,0.210784782,0.169800102,0.185006306,0.221235463,0.336828737,0.285099598,0.181616047,0.10884366,0.176899047,0.165154285,0.145726658,0.054511203,0.043877138,0.075250993,0.200078916,0.097296346,0.132492731,0.041616569,0.018638847,,,,,,
Small_constant,100520_left_com6,0.048499148,0.06359673,0.097939683,0.122090203,0.086708328,0.062525916,0.083132959,0.088034713,0.050447261,0.336400819,0.052464709,0.033286593,0.156112511,0.015369796,0.239050662,0.629845467,0.09971294,0.044889939,0.240140379,0.128642469,0.114325846,0.169261423,0.56565799,0.163355149,0.277127987,0.014281376,0.195848683,0.624246889,0.192863701,0.12066538,0.041450513,0.037824458,0.054299648,0.172557496,0.01837541,0.078453213,0.310214294,0.387910121,0.334732725,1,0.630775525,0.742133293,0.319648475,0.350716238,0.360339982,0.392853183,0.929533098,0.701527274,0.115730208,0.336281254,0.407121121,0.153099117,0.274723851,0.077165625,0.247987355,0.660740148,0.137770597,0.231640904,0.304296938,0.236155229,0.335796532,0.341478748,0.122566819,0.085909762,0.204312137,0.168581645,0.58725887,0.436528735,0.130401589,0.096114944,0.150663613,0.171389368,0.152534575,,,,,,
Small_constant,100520_right_com1,0.10213368,0.058538157,0.048321282,0.221786761,0.147552729,0.025672631,0.02200656,0.00372433,0.011358268,0.022037634,0.023319033,0.089906419,0.009927524,0.001010903,0,0.018900569,0.023641192,0.006530143,0.012205673,0.019520307,0.001782997,0.016127753,0.173050289,0.041050308,0.038901678,0.01125711,0.006513924,0.056340807,0.042395178,0.003659927,0.000116998,0.017724804,0.003377163,0.014139662,0.003476238,0.170866733,0.59293619,0.129751025,0.226568949,0.089647652,0.488296835,0.379221019,0.435438709,0.16536512,0.154685998,0.015528946,1,0.346490827,0.29209938,0.066010804,0.121099409,0.067023,0,0.21787308,0.247143971,0.031208494,0.112662691,0.057224342,0.240586206,0.089165226,0.184986403,0.074290125,0.076377759,0.328309283,0.139169721,0.066628598,0.003354165,0.008050685,0.000727086,0.024983171,0.011866673,0.001164551,0.038063741,,,,,,
Small_constant,100520_right_com2,0.007788882,0.01261984,0.059248974,0.128559813,0.086864699,0.199698343,0.190007387,0.311140985,0.839527903,0.184874759,0.165829201,0.38199328,0.668688862,0.685311724,0.926331635,0.683445281,0.540614419,0.499468941,0.288081083,0.389188756,0.668210147,0.630451669,0.545502484,0.627128155,0.528477639,0.359521058,0.443765258,0.478787878,0.343060885,0.247563853,0.336797849,0.425001309,0.438123625,0.415784866,0.42378775,0.259663791,0.344532541,1,0.813707645,0.606128787,0.527335624,0.800827978,0.633471437,0.590369118,0.416816008,0.800676395,0.974556003,0.584734683,0.672970294,0.652037371,0.687280598,0.473837587,0.7129385,0.16394524,0.125642189,0.183661858,0.420188971,0.446683872,0.438643447,0.180343743,0.118642452,0.437286617,0.351698896,0.264650745,0.187678884,0.147421204,0.237033611,0.09741274,0.289953427,0.378173764,0.433810985,0.249225285,0.19777791,,,,,,
Small_constant,100520_right_com3,0.499288101,0.350616356,0.059676186,0.174232361,0.039215793,0.039786729,0.257542805,0.399829472,0.128723408,0.040564494,0.042584321,0.03089183,0.002259768,0.022558551,0.018585457,0.002107398,0.08159891,0.064924634,0.024228251,0.02901256,0.091246929,0.003780376,0,0.466406214,0.051995376,0.009628566,0.343756163,0.084776154,0.014632212,0.007055928,0.290844648,0.894514647,0.022024364,0.679105199,0.25756012,0.124706568,0.003407304,0,0.301476814,1,0.016503285,0.011084524,0.059269878,0.017869158,0.194886328,0.298844291,0.268299846,0.545288179,0.714467899,0.959902502,0.652795115,0.435747319,0.063525985,0.381740404,0.085081172,0.00556858,0.315445888,0.940021217,0.007707909,0.018494365,0.010502919,0.007109693,0.005614439,0.005473081,0.000765681,0.040929347,0.04355731,0.000105115,0.000497323,0.001736941,0.015035664,0.303904249,0.430193994,,,,,,
Small_constant,100520_right_com4,0.063181572,0.046100813,0.02905203,0.030979801,0.073223486,0.138541988,0.105950991,0.117088856,0.143906323,0.123509443,0.247069239,0.101755964,0.514393593,0.869140478,0.750714653,1,0.843275159,0.961600532,0.28133732,0.165620467,0.971912274,0.429692819,0.108242168,0.283271125,0.556276581,0.438652872,0.298936339,0.305416565,0.230350705,0.230613144,0.335911721,0.296415685,0.093461533,0.054152477,0.032558215,0.000762991,0.020979441,0.100408906,0.029725336,0.067823752,0.1624388,0.12433757,0.097192869,0.166601784,0.532454363,0.267681614,0.365809298,0.391919562,0.217613765,0.588296167,0.227002038,0.479914932,0.70062041,0.24767679,0.155807683,0.18619814,0.263430716,0.420626149,0.266669283,0.176066035,0.076994431,0.048518128,0.136953689,0.116757952,0.011392048,0.048247691,0.235697002,0.02862888,0.019624467,0.007281823,0.013059719,0.070354012,0.234169463,,,,,,
Small_constant,100520_right_com5,0.031745707,0.476711965,0.096830283,0.161091777,0.147194942,0.125412177,0.060664467,0.664436869,1,0.038190503,0.022900178,0.01112458,0.012681165,0.00212882,0.001099142,0.001770081,0.006825024,0.019244354,0.047331734,0.112022147,0.166176878,0.134815995,0.68978203,0.565234782,0.60736494,0.617637697,0.341205841,0.335875835,0.138495233,0.056555096,0.054437943,0.167274687,0.607759748,0.23004689,0.038083089,0.05039691,0.035715168,0.083891649,0.006591464,0,0.001751227,0,0.048862159,0.032667606,0.013061995,0.17356049,0.434236116,0.650381684,0.597700026,0.22560428,0.319837185,0.107217259,0.139844923,0.182867765,0.119153962,0.233279571,0.310843305,0.300653634,0.535052917,0.292511312,0.182635704,0.305783851,0.229279417,0.061502259,0.032426629,0.077632388,0.171978087,0.563350629,0.028370887,0.301258648,0.272667879,0.228470951,0.181036728,,,,,,
Small_constant,100520_right_com6,0.445674661,0.133901372,0.16063274,0.353974492,0.082577483,0.065579419,0.289039829,0.082608452,0.380873718,0.095589038,0.209043026,0.152855094,0.325817245,0.31692215,0.149437584,0.324164484,0.284633346,0.269358395,0.147484373,0.307137421,0.214310337,0.538023306,0.292378301,0.18866019,0.178147114,0.047876936,0.169228886,0.001732981,0.012794615,0.028068734,0.077995404,0.157931773,0.152712313,0.007834442,0.184463728,0.250181554,0.318365588,0.198970926,0.221314027,0.283698255,0.286096084,0.037582601,0.109972692,0.137789756,0.035351,0.422983956,0.103631091,0.014071204,0.027651173,0.167125869,0.289333261,0.246858247,0.564741046,1,0.500061874,0.444505365,0.495495123,0.508862559,0.705586996,0.474351619,0.266470677,0.66161508,0.595680499,0.298415177,0.311405029,0.422208665,0.078403087,0.320539693,0.339161114,0.50290647,0.020541894,0.017681238,0.223595809,,,,,,
Small_constant_mean,Small_constant_mean,0.171481921,0.190522797,0.152933258,0.246541162,0.251661567,0.202496988,0.189093859,0.206534681,0.293471757,0.276355785,0.268464791,0.201026467,0.258383211,0.318298969,0.245592256,0.326722355,0.281140004,0.341745217,0.280113025,0.288109685,0.360961377,0.295006521,0.365572275,0.347949073,0.240195449,0.253396189,0.202315316,0.217034956,0.177682811,0.179468406,0.19051478,0.236621233,0.219979702,0.253856908,0.219678323,0.206638395,0.204369556,0.251188033,0.186894645,0.246990292,0.178401214,0.202503792,0.178333417,0.165570348,0.176083418,0.198223191,0.305712081,0.225659923,0.236872251,0.259139533,0.268676887,0.223861819,0.244229363,0.187961376,0.183538189,0.154403994,0.180461486,0.2181644,0.233869876,0.18494889,0.157849251,0.190639326,0.167418556,0.174597813,0.178661101,0.188201536,0.223154094,0.204305365,0.144909794,0.187721454,0.135813285,0.174135034,0.307536602,,,,,,
