,ID,BioDare_ID,Offset,Condition,p_28,p_tidal,power_28,power_tidal,p_24_BD2,p_35_BD2,MFF_period_28,MFF_period_34,MFF_phase_28,MFF_phase_34,MFF_phase_28_ABS,MFF_phase_34_ABS,MFF_amplitude,FFT_period,FFT_phase,FFT_error,FFT_amplitude,Group
1,010621_left_com1,88,ZT6,constant,0.000793463,0.473202614,0.33854,0.077324,0.349984987,0.000101,20,19.68,22.86,23.82,19.05,19.53,0.17,19.41,0.67,0.59,0.16,ZT6_constant
2,010621_left_com2,89,ZT6,constant,0.003603776,0.838762437,0.18139,0.034756,0.005382858,2.78E-05,28,31.88,19.29,12.48,22.5,16.58,0.09,68.14,6.82,0.36,0.13,ZT6_constant
3,010621_left_com3,90,ZT6,constant,0.072701967,0.006461055,0.10805,0.26181,0.112788346,0.000262,27.82,30.58,5.83,22.89,6.76,29.16,0.04,14.59,9.54,0.38,0.11,ZT6_constant
4,010621_left_com4,91,ZT6,constant,0.000793463,0.473843847,0.28609,0.078857,0.000128,0.00292171,27.08,27.08,5.64,5.64,6.36,6.36,0.11,24.76,9.61,0.41,0.11,ZT6_constant
5,010621_left_com5,92,ZT6,constant,0.431832107,0.206600842,0.048615,0.12541,0.981217199,2.78E-05,20.9,34,4.83,14.55,4.21,20.61,0.04,44.37,5.81,0.3,0.13,ZT6_constant
6,010621_left_com6,93,ZT6,constant,0.156823955,0.317273524,0.084546,0.10323,0.886249808,0.375047765,27.06,28.68,8.61,6.24,9.71,7.46,0.08,62.13,17.5,0.19,0.25,ZT6_constant
7,010621_right_com1,94,ZT6,constant,0.106775358,0.006461055,0.0973,0.26845,0.751374143,2.78E-05,20.96,32.2,0.88,18.41,0.77,24.7,0.02,49.34,2.58,0.47,0.08,ZT6_constant
8,010621_right_com2,95,ZT6,constant,0.364418366,0.014282333,0.056485,0.24897,0.000128,0.001593734,23.68,34,3.42,8.76,3.37,12.41,0.02,45.53,23.87,0.47,0.07,ZT6_constant
9,010621_right_com3,96,ZT6,constant,0.002299698,0.581046282,0.21597,0.064144,0.224635254,2.78E-05,20,18.86,9.05,11.97,7.54,9.41,0.07,20.08,8.86,0.52,0.07,ZT6_constant
10,010621_right_com4,97,ZT6,constant,0.003603776,0.370823638,0.17947,0.093629,0.029972428,0.021302419,21.9,33.1,18.05,10.03,16.47,13.83,0.04,300.2,15.8,0.92,0.6,ZT6_constant
11,010621_right_com5,98,ZT6,constant,0.016210533,0.014282333,0.15993,0.28188,0.013730632,0.017380508,24.74,24.74,7.36,7.36,7.59,7.59,0.04,12.57,22.03,0.37,0.15,ZT6_constant
12,010621_right_com6,99,ZT6,constant,0.000793463,0.16305663,0.32028,0.14025,0.000103,2.78E-05,27.68,27.68,18.21,18.21,21,21,0.11,29.17,16.36,0.37,0.1,ZT6_constant
13,012721_left_com1,101,ZT12,cycle,0.000793463,0.029074748,0.20482,0.23016,0.326638154,0.000388,27.48,28.7,6.38,4.32,7.31,5.17,0.1,28.7,4.32,0.54,0.1,ZT12_cycle
14,012721_left_com2,102,ZT12,cycle,0.000793463,0.472415614,0.44004,0.08119,1.99E-05,1.76E-05,24.36,29.08,11.81,3.21,11.99,3.89,0.14,26.48,7.4,0.34,0.14,ZT12_cycle
15,012721_left_com3,103,ZT12,cycle,0.068406422,0.074687427,0.099164,0.17158,0.070809165,0.003467515,23.04,34,22.49,16.91,21.59,23.95,0.08,21.45,0.95,0.61,0.1,ZT12_cycle
16,012721_left_com4,104,ZT12,cycle,0.206981803,0.071320109,0.069922,0.17212,0.375033938,0.120907648,22.06,22.06,2.48,2.48,2.28,2.28,0.06,57.94,20.83,0.35,0.14,ZT12_cycle
17,012721_left_com5,105,ZT12,cycle,0.03712476,0.260869565,0.11353,0.11098,0.572911559,1.76E-05,24.64,34,0.85,12.12,0.87,17.17,0.07,52.44,22.19,0.4,0.15,ZT12_cycle
18,012721_left_com6,106,ZT12,cycle,0.064285467,0.014282333,0.10079,0.29669,0.019574265,0.003582107,27.18,27.18,1.18,1.18,1.34,1.34,0.04,52.54,17.54,0.44,0.1,ZT12_cycle
19,012721_right_com1,107,ZT12,cycle,0.000793463,0.090454773,0.23425,0.16139,0.000738,1.76E-05,24.24,24.24,23.96,23.96,24.2,24.2,0.07,25.73,21.88,0.46,0.06,ZT12_cycle
20,012721_right_com2,108,ZT12,cycle,0.000793463,0.014282333,0.21475,0.26607,0.299399777,1.76E-05,27.32,34,8.19,22.88,9.32,32.42,0.03,18.54,17.24,0.33,0.06,ZT12_cycle
21,012721_right_com3,109,ZT12,cycle,0.000793463,0.006461055,0.34416,0.26442,1.99E-05,1.76E-05,26.76,26.76,13.63,13.63,15.2,15.2,0.08,25.12,15.59,0.57,0.09,ZT12_cycle
22,012721_right_com4,110,ZT12,cycle,0.000793463,0.16563796,0.40894,0.13862,1.99E-05,1.76E-05,27.94,29.14,17.4,15.9,20.26,19.31,0.11,28.34,16.87,0.51,0.11,ZT12_cycle
23,012721_right_com5,111,ZT12,cycle,0.385078889,0.132941105,0.048252,0.14189,0.396747699,0.344118114,24.32,33.88,1.69,10.55,1.71,14.89,0.03,52.17,20.83,0.31,0.16,ZT12_cycle
24,012721_right_com6,112,ZT12,cycle,0.000793463,0.748382648,0.474,0.044939,1.99E-05,1.76E-05,22.28,22.28,22.61,22.61,20.99,20.99,0.16,22.09,23.04,0.25,0.16,ZT12_cycle
25,020321_left_com1,113,ZT12,cycle,0.553877123,0.114481822,0.036177,0.14836,0.016233606,0.005092465,24.14,34,17.41,21.89,17.51,31.01,0.03,12.22,14.59,0.59,0.1,ZT12_cycle
26,020321_left_com2,114,ZT12,cycle,0.000793463,0.347312193,0.40941,0.096617,1.99E-05,1.76E-05,28,30.3,6.27,3.84,7.31,4.85,0.13,30.03,4.08,0.46,0.13,ZT12_cycle
27,020321_left_com3,115,ZT12,cycle,0.031540151,0.16305663,0.11792,0.13286,0.001355736,7.92E-05,25.54,34,14.92,16.31,15.88,23.11,0.03,13.02,2.4,0.67,0.07,ZT12_cycle
28,020321_left_com4,116,ZT12,cycle,0.000793463,0.006461055,0.31416,0.27357,0.314167989,1.76E-05,20.56,31.24,11.33,3.83,9.71,4.99,0.08,20.91,10.57,0.84,0.08,ZT12_cycle
29,020321_left_com5,117,ZT12,cycle,0.000793463,0.716311626,0.64974,0.048599,1.99E-05,1.76E-05,24.62,24.62,18.03,18.03,18.5,18.5,0.2,24.44,18.3,0.19,0.2,ZT12_cycle
30,020321_left_com6,118,ZT12,cycle,0.279492138,0.321316953,0.058873,0.10253,0.330095699,7.92E-05,28,34,1.71,16.78,2,23.77,0.03,37.5,13.23,0.59,0.08,ZT12_cycle
31,020321_right_com1,119,ZT12,cycle,0.324696033,0.006461055,0.054118,0.25602,0.196545488,0.024052215,26.8,28.3,10.31,7.71,11.51,9.09,0.04,12.89,16.89,0.66,0.09,ZT12_cycle
32,020321_right_com2,120,ZT12,cycle,0.000793463,0.006461055,0.19111,0.27261,0.004452336,7.92E-05,25.48,31.52,9.32,4.44,9.89,5.83,0.05,23.98,11.12,0.51,0.04,ZT12_cycle
33,020321_right_com3,121,ZT12,cycle,0.14052795,0.610419956,0.081067,0.060692,0.067690926,0.002658681,20.38,34,0.12,2.26,0.1,3.2,0.05,25.89,13.69,0.66,0.03,ZT12_cycle
34,020321_right_com4,122,ZT12,cycle,0.126963627,0.029074748,0.0821,0.20748,1.99E-05,1.76E-05,27.84,34,0.75,16.33,0.87,23.13,0.03,37.16,13.16,0.55,0.09,ZT12_cycle
35,020321_right_com5,123,ZT12,cycle,0.006190821,0.253070094,0.14782,0.112,0.283256558,0.507827654,24.82,33.6,0.07,11.78,0.07,16.49,0.09,50.58,22.36,0.47,0.18,ZT12_cycle
36,020321_right_com6,124,ZT12,cycle,0.003603776,0.527761299,0.16514,0.070676,0.737876228,0.998310017,28,34,0.63,15.17,0.73,21.49,0.05,52.13,0.92,0.5,0.08,ZT12_cycle
37,021721_left_com1,138,ZT12,constant,0.000793463,0.224033332,0.26258,0.12179,0.000324,4.86E-05,26.46,29.76,18.17,13.73,20.03,17.03,0.12,26.87,17.56,0.55,0.12,ZT12_constant
38,021721_left_com2,139,ZT12,constant,0.033809325,0.830150014,0.13727,0.036273,0.142829454,0.24877095,28,30.12,7.08,5.44,8.26,6.83,0.08,23.67,12.48,0.41,0.08,ZT12_constant
39,021721_left_com3,140,ZT12,constant,0.560869983,0.274251172,0.038813,0.11149,0.751374143,0.577432461,20,29.9,8.42,23.01,7.02,28.67,0.05,57.09,17.99,0.22,0.18,ZT12_constant
40,021721_left_com4,141,ZT12,constant,0.040397277,0.006461055,0.12,0.36379,0.042577699,0.003247849,25.66,25.66,11.06,11.06,11.83,11.83,0.05,65.19,3.94,0.34,0.1,ZT12_constant
41,021721_left_com5,142,ZT12,constant,0.000793463,0.056144342,0.23711,0.1939,0.001394914,2.78E-05,22.4,22.4,14.74,14.74,13.76,13.76,0.11,21.44,16.57,0.29,0.11,ZT12_constant
42,021721_left_com6,143,ZT12,constant,0.00871046,0.540790319,0.17968,0.069177,0.024466101,0.009314423,23,23,14.4,14.4,13.8,13.8,0.06,22.13,16,0.67,0.06,ZT12_constant
43,021721_right_com1,144,ZT12,constant,0.000793463,0.071320109,0.47855,0.16499,0.079478372,2.78E-05,27.58,27.58,6,6,6.89,6.89,0.16,28.7,4.16,0.35,0.17,ZT12_constant
44,021721_right_com2,145,ZT12,constant,0.000793463,0.223227568,0.37481,0.1221,7.00E-05,2.78E-05,27.8,28.98,23.54,21.81,27.27,26.34,0.15,26.21,2.19,0.51,0.15,ZT12_constant
45,021721_right_com3,146,ZT12,constant,0.000793463,0.364320144,0.39915,0.095451,7.00E-05,0.000101,22.78,22.78,18.6,18.6,17.65,17.65,0.11,22.74,18.66,0.25,0.11,ZT12_constant
46,021721_right_com4,147,ZT12,constant,0.000793463,0.26341225,0.32314,0.11161,0.000219,0.000101,27.3,28.4,2.37,0.46,2.7,0.55,0.18,26.19,4.27,0.27,0.18,ZT12_constant
47,021721_right_com5,148,ZT12,constant,0.028628783,0.074687427,0.13621,0.16249,0.016412994,0.041814723,24.16,24.16,0.72,0.72,0.72,0.72,0.05,12.2,4.47,0.61,0.08,ZT12_constant
48,021721_right_com6,149,ZT12,constant,0.000793463,0.972902753,0.20273,0.018878,0.00219364,0.011197154,24.48,33.98,11.32,2.8,11.55,3.96,0.09,34.6,2.27,0.44,0.12,ZT12_constant
49,022421_left_com1,150,ZT12,constant,0.007509453,0.029074748,0.17796,0.23969,0.01271654,0.000101,22.18,34,8.83,2.41,8.16,3.42,0.1,49.17,18.27,0.27,0.17,ZT12_constant
50,022421_left_com2,151,ZT12,constant,0.000793463,0.838036864,0.40998,0.035645,0.102524365,0.000149,20,19.38,15.89,17.91,13.24,14.46,0.13,19.92,16.14,0.36,0.13,ZT12_constant
51,022421_left_com3,152,ZT12,constant,0.000793463,0.006461055,0.28611,0.31412,0.000103,2.78E-05,22.6,22.6,7.18,7.18,6.76,6.76,0.11,21.71,8.94,0.59,0.12,ZT12_constant
52,022421_left_com4,153,ZT12,constant,0.108656038,0.81678506,0.094196,0.038062,0.273250716,0.845451545,20,34,2.92,5.15,2.43,7.3,0.1,20.46,1.65,0.52,0.1,ZT12_constant
53,022421_left_com5,154,ZT12,constant,0.000793463,0.285098289,0.27517,0.11196,0.062079121,0.047893618,22.14,22.14,8.02,8.02,7.4,7.4,0.16,20.43,11.65,0.35,0.14,ZT12_constant
54,022421_left_com6,155,ZT12,constant,0.000793463,0.006461055,0.28712,0.30466,0.002996545,0.000214,25.42,32.32,10.46,23.78,11.08,32.03,0.06,31.51,0.73,0.51,0.09,ZT12_constant
55,022421_right_com1,156,ZT12,constant,0.000793463,0.198452289,0.42751,0.12748,0.380830063,2.78E-05,20,18.7,17.78,21.92,14.82,17.08,0.15,19.44,19.53,0.34,0.16,ZT12_constant
56,022421_right_com2,157,ZT12,constant,0.000793463,0.297141585,0.26343,0.10428,0.0042368,0.082178232,26.38,33.08,5.7,0.18,6.27,0.25,0.1,26.95,5.05,0.58,0.1,ZT12_constant
57,022421_right_com3,158,ZT12,constant,0.000793463,0.525030963,0.57384,0.06999,7.00E-05,2.78E-05,23.4,23.4,13.35,13.35,13.02,13.02,0.21,25.04,9.71,0.3,0.2,ZT12_constant
58,022421_right_com4,159,ZT12,constant,0.002299698,0.506682749,0.21382,0.07327,0.009896453,4.86E-05,28,33.38,9.85,5.25,11.49,7.3,0.07,45.7,22.99,0.43,0.1,ZT12_constant
59,022421_right_com5,160,ZT12,constant,0.406659918,0.019245696,0.04926,0.26364,0.552845987,0.026262797,28,29.6,20.48,18.45,23.89,22.75,0.03,45.39,5.05,0.47,0.12,ZT12_constant
60,022421_right_com6,161,ZT12,constant,0.003603776,0.582029675,0.18256,0.064416,0.511671264,0.093923557,27.72,33.88,11.98,5.35,13.84,7.55,0.1,23.51,18.68,0.43,0.1,ZT12_constant
61,031021_left_com1,125,ZT12,cycle,0.000793463,0.473843847,0.20393,0.07666,0.027392002,5.10E-05,20.52,19.22,23.84,5.78,20.38,4.63,0.06,22.26,16.96,0.74,0.07,ZT12_cycle
62,031021_left_com2,126,ZT12,cycle,0.000793463,0.006461055,0.3094,0.31655,3.94E-05,1.76E-05,26.56,33.12,8.39,23.96,9.29,33.06,0.08,29.26,4.4,0.58,0.08,ZT12_cycle
63,031021_left_com3,127,ZT12,cycle,0.000793463,0.063510798,0.35887,0.18506,1.99E-05,1.76E-05,22.68,22.68,18.12,18.12,17.12,17.12,0.17,22.58,18.27,0.39,0.17,ZT12_cycle
64,031021_left_com4,128,ZT12,cycle,0.00871046,0.712896677,0.14439,0.049318,0.895409379,0.980982082,21.02,33.48,12.25,14.93,10.73,20.83,0.08,52.22,0.11,0.41,0.15,ZT12_cycle
65,031021_left_com5,129,ZT12,cycle,0.006190821,0.154888309,0.16446,0.1454,0.046673207,0.000803,25.96,34,1.58,23.29,1.71,32.99,0.08,26.29,1.23,0.67,0.08,ZT12_cycle
66,031021_left_com6,130,ZT12,cycle,0.000793463,0.014282333,0.30085,0.26517,1.99E-05,1.76E-05,24.5,24.5,10.89,10.89,11.12,11.12,0.08,23.01,13.62,0.61,0.09,ZT12_cycle
67,031021_right_com1,131,ZT12,cycle,0.000793463,0.581046282,0.20654,0.065066,0.023633381,0.092288441,23.62,23.62,18.4,18.4,18.11,18.11,0.1,24.57,16.06,0.4,0.11,ZT12_cycle
68,031021_right_com2,132,ZT12,cycle,0.950024988,0.075917398,0.010197,0.16988,0.895409379,0.116938313,21.34,33.48,6.96,20.95,6.19,29.22,0.02,47.89,7.79,0.56,0.08,ZT12_cycle
69,031021_right_com3,133,ZT12,cycle,0.025488974,0.347312193,0.13025,0.09707,0.841644029,0.001330057,20,19.36,20.84,23.52,17.37,18.97,0.06,69.85,4.03,0.48,0.09,ZT12_cycle
70,031021_right_com4,134,ZT12,cycle,0.036063668,0.994499972,0.11746,0.010314,0.023664482,0.427670888,22.88,34,23.69,12.79,22.58,18.12,0.07,25.25,19.1,0.42,0.06,ZT12_cycle
71,031021_right_com5,135,ZT12,cycle,0.000793463,0.21602728,0.30231,0.12185,1.99E-05,0.002861448,23.58,23.58,5.9,5.9,5.8,5.8,0.11,23.05,6.96,0.48,0.11,ZT12_cycle
72,031021_right_com6,136,ZT12,cycle,0.000793463,0.896157718,0.20287,0.028739,0.000218,0.002703892,28,28.3,12.63,12.06,14.73,14.22,0.16,52.65,8.2,0.43,0.18,ZT12_cycle
73,032321_left_com1,163,ZT10,cycle,0.190515362,0.525030963,0.069995,0.070756,0.058439932,0.00353082,22.14,30.88,21.63,22.31,19.95,28.7,0.06,37.26,17.93,0.5,0.11,ZT10_cycle
74,032321_left_com2,164,ZT10,cycle,0.068406422,0.771188424,0.099367,0.043726,0.180717815,1.76E-05,20.8,34,5.94,21.18,5.15,30,0.05,36.81,19.4,0.37,0.15,ZT10_cycle
75,032321_left_com3,165,ZT10,cycle,0.000793463,0.014282333,0.37037,0.25585,1.99E-05,1.76E-05,26,26,10.14,10.14,10.99,10.99,0.13,24.53,12.37,0.4,0.15,ZT10_cycle
76,032321_left_com4,166,ZT10,cycle,0.010013443,0.240868137,0.14139,0.11797,0.052851577,0.001402486,22.08,33.28,18.57,18.48,17.08,25.63,0.09,20.92,20.95,0.68,0.1,ZT10_cycle
77,032321_left_com5,167,ZT10,cycle,0.142258248,0.998001,0.079279,0.0064251,0.047318108,0.379854157,21.38,34,18.76,22.55,16.71,31.95,0.06,55.6,14.11,0.21,0.19,ZT10_cycle
78,032321_left_com6,168,ZT10,cycle,0.014967336,0.365968392,0.15329,0.092978,0.737876228,0.023915484,28,33.54,3.54,23.42,4.13,32.73,0.08,37.46,20.82,0.39,0.14,ZT10_cycle
79,032321_right_com1,169,ZT10,cycle,0.006190821,0.054037916,0.16061,0.1916,0.00937824,0.001330057,25.56,30.7,12.26,6.11,13.06,7.82,0.07,46.62,18.24,0.74,0.11,ZT10_cycle
80,032321_right_com2,170,ZT10,cycle,0.004966144,0.473202614,0.1819,0.076117,0.00015,0.000252,24.08,34,16.98,23.29,17.04,33,0.08,24.36,16.35,0.61,0.08,ZT10_cycle
81,032321_right_com3,171,ZT10,cycle,0.000793463,0.522848466,0.41047,0.071818,1.99E-05,6.56E-05,23.66,23.66,15.9,15.9,15.67,15.67,0.15,23.6,16.02,0.39,0.15,ZT10_cycle
82,032321_right_com4,172,ZT10,cycle,0.000793463,0.16305663,0.21165,0.13799,0.000712,0.002166599,24.6,24.6,12.99,12.99,13.31,13.31,0.07,23.49,14.34,0.73,0.07,ZT10_cycle
83,032321_right_com5,173,ZT10,cycle,0.018473158,0.119203964,0.13965,0.15725,0.19177827,0.015157302,25.44,25.44,1.14,1.14,1.21,1.21,0.08,56.44,14.38,0.37,0.16,ZT10_cycle
84,032321_right_com6,174,ZT10,cycle,0.000793463,0.019245696,0.20255,0.22905,7.56E-05,0.000642,22.54,22.54,17.74,17.74,16.66,16.66,0.1,20.84,20.78,0.51,0.1,ZT10_cycle
85,032821_left_com1,175,ZT10,cycle,0.002299698,0.925984984,0.2376,0.025328,0.000218,0.016102617,22.02,22.02,16.98,16.98,15.58,15.58,0.13,22.08,16.87,0.28,0.13,ZT10_cycle
86,032821_left_com2,176,ZT10,cycle,0.062402343,0.473202614,0.10144,0.079524,0.049146623,0.514214369,22.38,33.9,18.79,2.17,17.52,3.06,0.05,61.67,15,0.43,0.12,ZT10_cycle
87,032821_left_com3,177,ZT10,cycle,0.000793463,0.336227008,0.5295,0.097657,1.99E-05,1.76E-05,26.36,26.36,12.24,12.24,13.44,13.44,0.16,24.94,14.16,0.29,0.16,ZT10_cycle
88,032821_left_com4,178,ZT10,cycle,0.000793463,0.638469726,0.60071,0.056397,1.99E-05,1.76E-05,24.1,24.1,18.92,18.92,19,19,0.11,23.53,19.79,0.31,0.11,ZT10_cycle
89,032821_left_com5,179,ZT10,cycle,0.000793463,0.11144028,0.37266,0.16225,0.701800883,1.76E-05,20.64,30.44,18.38,15.07,15.81,19.12,0.15,19.99,20.06,0.58,0.14,ZT10_cycle
90,032821_left_com6,180,ZT10,cycle,0.003603776,0.006461055,0.18009,0.31606,0.000584,6.56E-05,25.5,25.5,11.19,11.19,11.89,11.89,0.08,22.99,17.16,0.59,0.09,ZT10_cycle
91,032821_right_com1,181,ZT10,cycle,0.051605607,0.739682147,0.10499,0.045771,0.053998746,0.168108149,26.22,26.22,18.65,18.65,20.38,20.38,0.05,25.4,20.27,0.58,0.06,ZT10_cycle
92,032821_right_com2,182,ZT10,cycle,0.024413399,0.719717541,0.13532,0.04668,0.680912135,9.35E-05,28,33.98,20.65,13.32,24.09,18.86,0.09,17.81,19.74,0.24,0.12,ZT10_cycle
93,032821_right_com3,183,ZT10,cycle,0.000793463,0.473202614,0.29687,0.077149,0.000252,6.56E-05,20.94,20.94,1.24,1.24,1.08,1.08,0.08,22.61,21.74,0.41,0.07,ZT10_cycle
94,032821_right_com4,184,ZT10,cycle,0.002299698,0.269419054,0.20153,0.11009,0.004252699,0.141810457,24.92,24.92,22.36,22.36,23.22,23.22,0.11,23.85,23.33,0.61,0.1,ZT10_cycle
95,032821_right_com5,185,ZT10,cycle,0.000793463,0.354246133,0.24342,0.095646,0.021384572,1.76E-05,21.92,33.18,15.03,8.44,13.73,11.67,0.1,35.2,6.1,0.45,0.11,ZT10_cycle
96,032821_right_com6,186,ZT10,cycle,0.062402343,0.387775677,0.10104,0.089644,0.646835934,0.000321,20.44,33.78,18.36,1.8,15.64,2.54,0.03,51.36,17.3,0.37,0.09,ZT10_cycle
97,040821_left_com1,188,ZT10,constant,0.000793463,0.162574118,0.3386,0.14091,7.00E-05,2.78E-05,22.16,22.16,12.14,12.14,11.21,11.21,0.14,21.9,12.8,0.51,0.14,ZT10_constant
98,040821_left_com2,189,ZT10,constant,0.000793463,0.032096855,0.30585,0.21452,0.000103,2.78E-05,24.56,24.56,9.27,9.27,9.49,9.49,0.11,23.5,11.77,0.33,0.12,ZT10_constant
99,040821_left_com3,190,ZT10,constant,0.000793463,0.201616059,0.52224,0.12487,7.00E-05,2.78E-05,21.96,21.96,14.91,14.91,13.64,13.64,0.2,21.91,15.01,0.24,0.2,ZT10_constant
100,040821_left_com4,191,ZT10,constant,0.935618064,0.972902753,0.011558,0.018776,0.273250716,0.716906126,28,34,23.79,23.05,27.76,32.66,0.03,26.53,0.98,1,0.04,ZT10_constant
101,040821_left_com5,192,ZT10,constant,0.023322833,0.628453747,0.15484,0.057413,0.492755942,0.388348526,27.08,27.08,17.61,17.61,19.87,19.87,0.06,54.39,9.07,0.26,0.12,ZT10_constant
102,040821_left_com6,193,ZT10,constant,0.018473158,0.723079818,0.14332,0.049155,0.07088177,2.78E-05,21.8,33.6,11.16,13.16,10.14,18.43,0.04,46.12,2.34,0.57,0.07,ZT10_constant
103,040821_right_com1,194,ZT10,constant,0.000793463,0.267904299,0.23278,0.11234,0.045174327,2.78E-05,28,33.84,0.25,19.21,0.29,27.08,0.1,35.55,18.03,0.38,0.14,ZT10_constant
104,040821_right_com2,195,ZT10,constant,0.02213928,0.075917398,0.12335,0.14717,0.055324008,0.000312,28,32.66,23.07,19.65,26.92,26.74,0.06,15.71,13.09,0.9,0.06,ZT10_constant
105,040821_right_com3,196,ZT10,constant,0.000793463,0.369219935,0.24072,0.094526,0.015654735,0.000101,26.52,33.92,6.33,17.61,7,24.89,0.09,36.88,14.28,0.45,0.12,ZT10_constant
106,040821_right_com4,197,ZT10,constant,0.002299698,0.812742882,0.2218,0.03854,0.0079698,0.000262,26.04,26.04,16.01,16.01,17.37,17.37,0.16,26.26,15.58,0.3,0.16,ZT10_constant
107,040821_right_com5,198,ZT10,constant,0.000793463,0.638745352,0.20264,0.056948,0.211508676,0.425182874,20.92,20.92,8.2,8.2,7.15,7.15,0.11,20.19,9.28,0.54,0.11,ZT10_constant
108,040821_right_com6,199,ZT10,constant,0.082079331,0.513702104,0.10748,0.070719,0.105800469,0.362406437,20,34,6.25,22.73,5.21,32.2,0.08,50.59,15.57,0.47,0.1,ZT10_constant
109,041521_left_com1,200,ZT10,constant,0.000793463,0.035633698,0.21546,0.19758,0.000245,4.86E-05,24.78,31.64,23.5,12.08,24.26,15.92,0.1,26.15,20.81,0.42,0.11,ZT10_constant
110,041521_left_com2,201,ZT10,constant,0.000793463,0.068302583,0.25063,0.17693,0.000103,0.000783,25.46,25.46,6.31,6.31,6.69,6.69,0.09,44.68,0.54,0.34,0.16,ZT10_constant
111,041521_left_com3,202,ZT10,constant,0.000793463,0.367601587,0.60171,0.092337,7.00E-05,2.78E-05,25.48,25.48,18.16,18.16,19.28,19.28,0.18,25.3,18.5,0.37,0.18,ZT10_constant
112,041521_left_com4,203,ZT10,constant,0.006190821,0.998001,0.18098,0.0073138,0.02877749,0.029289853,25.3,25.3,17.99,17.99,18.96,18.96,0.15,25.31,17.97,0.4,0.15,ZT10_constant
113,041521_left_com5,204,ZT10,constant,0.000793463,0.25367763,0.48791,0.118,0.006719069,2.78E-05,28,29.7,1.41,22.76,1.64,28.17,0.2,27.97,1.45,0.18,0.2,ZT10_constant
114,041521_left_com6,205,ZT10,constant,0.060688506,0.442139926,0.11459,0.081753,0.011777972,2.78E-05,22.54,33.8,17.92,16.79,16.83,23.64,0.05,50.71,7.55,0.33,0.13,ZT10_constant
115,041521_right_com1,206,ZT10,constant,0.361297737,0.014282333,0.053223,0.28334,0.314483522,0.142960989,24.88,24.88,0.63,0.63,0.65,0.65,0.01,59.96,8.08,0.45,0.1,ZT10_constant
116,041521_right_com2,207,ZT10,constant,0.00871046,0.863407946,0.17075,0.034288,0.312871032,0.541334823,28,34,6.95,2.12,8.11,3.01,0.09,48.85,18.55,0.44,0.14,ZT10_constant
117,041521_right_com3,208,ZT10,constant,0.000793463,0.102317694,0.40921,0.15786,0.008585208,2.78E-05,27.5,29.78,11.93,8.04,13.67,9.98,0.15,29.58,8.35,0.33,0.17,ZT10_constant
118,041521_right_com4,209,ZT10,constant,0.000793463,0.176300385,0.40965,0.13315,0.000128,2.78E-05,28,28.5,7.96,7.34,9.29,8.72,0.13,27.25,8.99,0.35,0.14,ZT10_constant
119,041521_right_com5,210,ZT10,constant,0.076970831,0.354246133,0.10342,0.097956,0.277971535,0.039231877,26.94,26.94,18.64,18.64,20.92,20.92,0.09,64.13,5.3,0.3,0.17,ZT10_constant
120,041521_right_com6,211,ZT10,constant,0.000793463,0.972902753,0.26867,0.020226,0.002406226,0.0108306,28,32.2,1.29,20.72,1.51,27.8,0.11,41.37,14.68,0.43,0.14,ZT10_constant
121,042121_left_com1,213,ZT4,cycle,0.029352873,0.186562969,0.12109,0.1312,7.56E-05,0.003991691,24.26,24.26,16.22,16.22,16.4,16.4,0.07,22.58,19.56,0.66,0.07,ZT4_cycle
122,042121_left_com2,214,ZT4,cycle,0.000793463,0.16121871,0.62707,0.13738,1.99E-05,1.76E-05,21.86,21.86,20.83,20.83,18.97,18.97,0.24,22.03,20.51,0.32,0.24,ZT4_cycle
123,042121_left_com3,215,ZT4,cycle,0.000793463,0.626955375,0.56575,0.05781,1.99E-05,1.76E-05,24.7,24.7,18.25,18.25,18.78,18.78,0.23,23.32,20.28,0.29,0.24,ZT4_cycle
124,042121_left_com4,216,ZT4,cycle,0.000793463,0.392100087,0.58564,0.088477,1.99E-05,1.76E-05,27.26,27.26,15.26,15.26,17.33,17.33,0.22,25.86,17.28,0.18,0.22,ZT4_cycle
125,042121_left_com5,217,ZT4,cycle,0.000793463,0.988668131,0.18116,0.015141,0.001390895,3.46E-05,26.34,32.88,11.94,8.61,13.1,11.8,0.05,21.57,14.98,0.73,0.06,ZT4_cycle
126,042121_left_com6,218,ZT4,cycle,0.000793463,0.071320109,0.49593,0.16822,1.99E-05,1.76E-05,26.64,26.64,19.41,19.41,21.54,21.54,0.21,28.05,17.81,0.32,0.21,ZT4_cycle
127,042121_right_com1,219,ZT4,cycle,0.000793463,0.336227008,0.45273,0.10139,1.99E-05,1.76E-05,27.14,27.14,11.41,11.41,12.9,12.9,0.1,24.28,16.02,0.43,0.11,ZT4_cycle
128,042121_right_com2,220,ZT4,cycle,0.000793463,0.047086046,0.21117,0.17004,1.99E-05,1.76E-05,24.2,24.2,16.32,16.32,16.46,16.46,0.08,24.15,16.42,0.56,0.08,ZT4_cycle
129,042121_right_com3,221,ZT4,cycle,0.000793463,0.029074748,0.36249,0.18471,1.99E-05,1.76E-05,23.36,23.36,17.84,17.84,17.36,17.36,0.06,23.19,18.23,0.51,0.06,ZT4_cycle
130,042121_right_com4,222,ZT4,cycle,0.000793463,0.993238757,0.60354,0.012442,1.99E-05,1.76E-05,23.04,23.04,20.24,20.24,19.43,19.43,0.22,23.55,19.42,0.24,0.22,ZT4_cycle
131,042121_right_com5,223,ZT4,cycle,0.000793463,0.834105071,0.25609,0.036551,0.000309,0.001215488,23.4,23.4,17.65,17.65,17.21,17.21,0.07,24.83,15.15,0.69,0.08,ZT4_cycle
132,042121_right_com6,224,ZT4,cycle,0.000793463,0.154155317,0.2181,0.12907,0.005960565,1.76E-05,23.76,34,0.53,9.49,0.52,13.44,0.09,18.69,8.06,0.58,0.12,ZT4_cycle
133,042921_left_com1,225,ZT4,cycle,0.013764857,0.345293699,0.15175,0.097152,0.001716704,5.10E-05,24.9,31.66,14.43,6.43,14.97,8.48,0.08,16.11,19.5,0.53,0.12,ZT4_cycle
134,042921_left_com2,226,ZT4,cycle,0.029352873,0.473843847,0.12542,0.078423,0.011796348,0.07067877,24.88,24.88,12.12,12.12,12.56,12.56,0.09,26.15,9.68,0.63,0.1,ZT4_cycle
135,042921_left_com3,227,ZT4,cycle,0.000793463,0.303070114,0.37627,0.10628,1.99E-05,1.76E-05,24.68,24.68,17.12,17.12,17.6,17.6,0.15,24.88,16.78,0.4,0.15,ZT4_cycle
136,042921_left_com4,228,ZT4,cycle,0.000793463,0.339970112,0.27876,0.094041,0.000854,0.019821802,26.82,26.82,17.57,17.57,19.64,19.64,0.1,28.76,15.58,0.4,0.09,ZT4_cycle
137,042921_left_com5,229,ZT4,cycle,0.000793463,0.056144342,0.47912,0.1988,1.99E-05,1.76E-05,20.02,20.02,4.93,4.93,4.11,4.11,0.12,20.79,2.44,0.43,0.12,ZT4_cycle
138,042921_left_com6,230,ZT4,cycle,0.14052795,0.16305663,0.079858,0.13457,0.042330741,0.025645458,28,33.08,12.5,6.39,14.58,8.81,0.07,30.98,8.84,0.6,0.08,ZT4_cycle
139,042921_right_com1,231,ZT4,cycle,0.000793463,0.638469726,0.85069,0.05661,1.99E-05,1.76E-05,23.12,23.12,19.82,19.82,19.09,19.09,0.29,23.47,19.15,0.15,0.29,ZT4_cycle
140,042921_right_com2,232,ZT4,cycle,0.000793463,0.419068947,0.71091,0.086539,1.99E-05,1.76E-05,25.56,25.56,15.58,15.58,16.59,16.59,0.21,25.16,16.18,0.25,0.21,ZT4_cycle
141,042921_right_com3,233,ZT4,cycle,0.000793463,0.056144342,0.29569,0.17255,0.917920821,1.76E-05,28,28.3,23.46,23.15,27.37,27.3,0.11,30.24,21.21,0.4,0.12,ZT4_cycle
142,042921_right_com4,234,ZT4,cycle,0.000793463,0.718581703,0.842,0.048052,1.99E-05,1.76E-05,23.34,23.34,20.29,20.29,19.73,19.73,0.27,23.32,20.34,0.16,0.27,ZT4_cycle
143,042921_right_com5,235,ZT4,cycle,0.000793463,0.51717264,0.43219,0.071687,1.99E-05,1.76E-05,27.02,27.02,14.88,14.88,16.75,16.75,0.16,26.26,15.7,0.39,0.16,ZT4_cycle
144,042921_right_com6,236,ZT4,cycle,0.000793463,0.419068947,0.62728,0.087666,1.99E-05,1.76E-05,24.14,24.14,19.35,19.35,19.46,19.46,0.18,23.67,19.98,0.27,0.18,ZT4_cycle
145,050621_left_com1,238,ZT4,constant,0.000793463,0.560502205,0.23614,0.06552,0.771066851,0.049747778,20.24,20.24,5.92,5.92,4.99,4.99,0.12,65.71,15.76,0.32,0.19,ZT4_constant
146,050621_left_com2,239,ZT4,constant,0.018473158,0.640454692,0.16033,0.055193,0.018571243,0.000149,25.98,25.98,4.78,4.78,5.17,5.17,0.11,25.7,5.35,0.49,0.11,ZT4_constant
147,050621_left_com3,240,ZT4,constant,0.018473158,0.711728775,0.15678,0.04831,0.024466101,2.78E-05,27.14,34,4.8,19.74,5.43,27.96,0.07,16.9,18.39,0.26,0.12,ZT4_constant
148,050621_left_com4,241,ZT4,constant,0.000793463,0.019245696,0.47179,0.27,0.000103,2.78E-05,27.48,27.48,3,3,3.43,3.43,0.16,27.39,3.12,0.35,0.16,ZT4_constant
149,050621_left_com5,242,ZT4,constant,0.024413399,0.073387834,0.13968,0.17389,0.02877749,8.75E-05,20.66,33.44,5.81,18,5,25.08,0.09,16.65,0.89,0.77,0.1,ZT4_constant
150,050621_left_com6,243,ZT4,constant,0.000793463,0.503133339,0.43215,0.07498,0.000163,2.78E-05,27.3,27.3,5.91,5.91,6.72,6.72,0.15,28.03,4.58,0.4,0.15,ZT4_constant
151,050621_right_com1,244,ZT4,constant,0.028628783,0.038766331,0.13836,0.2081,0.057673336,0.150953036,20,19.96,0.06,0.16,0.05,0.13,0.09,66.76,5.51,0.27,0.17,ZT4_constant
152,050621_right_com2,245,ZT4,constant,0.012590774,0.561072611,0.17912,0.064871,0.006978589,0.030535927,26.66,26.66,8.88,8.88,9.86,9.86,0.05,23.53,14.88,0.56,0.06,ZT4_constant
153,050621_right_com3,246,ZT4,constant,0.000793463,0.804343337,0.27895,0.038748,0.000245,0.0031379,26.16,26.16,6.43,6.43,7.01,7.01,0.16,20.59,22.23,0.45,0.15,ZT4_constant
154,050621_right_com4,247,ZT4,constant,0.000793463,0.27517294,0.26967,0.10595,0.008229084,0.001300446,21.22,21.22,23.69,23.69,20.95,20.95,0.13,22.36,20.66,0.58,0.12,ZT4_constant
155,050621_right_com5,248,ZT4,constant,0.003603776,0.068302583,0.20506,0.17124,0.018383837,0.002106174,23.54,34,15.51,14.63,15.21,20.73,0.09,21.7,19.94,0.7,0.09,ZT4_constant
156,050621_right_com6,249,ZT4,constant,0.000793463,0.319305347,0.40954,0.10108,0.000522,2.78E-05,20.1,20.1,23.9,23.9,20.02,20.02,0.1,19.89,0.53,0.34,0.1,ZT4_constant
157,051321_left_com1,250,ZT4,constant,0.000793463,0.385240416,0.44921,0.090088,7.00E-05,2.78E-05,23.56,23.56,16.01,16.01,15.72,15.72,0.15,22.8,17.44,0.47,0.15,ZT4_constant
158,051321_left_com2,251,ZT4,constant,0.134869691,0.073387834,0.088729,0.17107,0.671689391,0.137557835,21.72,32.52,14.96,8.65,13.54,11.72,0.07,16.25,22.26,1,0.08,ZT4_constant
159,051321_left_com3,252,ZT4,constant,0.555361984,0.006461055,0.039257,0.2964,0.403797244,0.358982606,24.64,24.64,16.69,16.69,17.13,17.13,0.03,54.26,3.05,0.47,0.14,ZT4_constant
160,051321_left_com4,253,ZT4,constant,0.000793463,0.593358611,0.60093,0.062612,7.00E-05,2.78E-05,21.96,21.96,0.13,0.13,0.12,0.12,0.17,21.3,1.72,0.28,0.17,ZT4_constant
161,051321_left_com5,254,ZT4,constant,0.247698825,0.35763137,0.068155,0.09452,0.082668595,0.219345908,23.86,34,9.45,0.95,9.39,1.35,0.09,48.79,16.55,0.43,0.16,ZT4_constant
162,051321_left_com6,255,ZT4,constant,0.000793463,0.049988164,0.47992,0.20523,7.00E-05,2.78E-05,27.46,27.46,10.79,10.79,12.34,12.34,0.09,23.48,17.78,0.46,0.13,ZT4_constant
163,051321_right_com1,256,ZT4,constant,0.000793463,0.608073889,0.1957,0.061802,0.000382,2.78E-05,21.38,32.36,17.7,11.95,15.77,16.11,0.06,22.53,14.05,0.68,0.06,ZT4_constant
164,051321_right_com2,257,ZT4,constant,0.003603776,0.972902753,0.19362,0.019193,0.019108395,0.000214,26.62,34,11.84,21.93,13.13,31.07,0.18,43.28,12.07,0.36,0.24,ZT4_constant
165,051321_right_com3,258,ZT4,constant,0.000793463,0.188726624,0.21538,0.1164,0.016412994,7.00E-05,21.98,32.8,15.63,11.43,14.31,15.62,0.07,290,15.94,1,0.85,ZT4_constant
166,051321_right_com4,259,ZT4,constant,0.000793463,0.019245696,0.33699,0.24407,0.000918,0.000184,23.82,23.82,11.61,11.61,11.52,11.52,0.1,20.58,17.17,0.49,0.14,ZT4_constant
167,051321_right_com5,260,ZT4,constant,0.000793463,0.419068947,0.38263,0.084622,0.000297,0.003247849,24.56,24.56,5.96,5.96,6.1,6.1,0.11,24.84,5.35,0.44,0.11,ZT4_constant
168,051321_right_com6,261,ZT4,constant,0.000793463,0.071320109,0.32398,0.18327,0.00019,4.86E-05,23.46,23.46,9.8,9.8,9.58,9.58,0.11,22.67,11.58,0.46,0.11,ZT4_constant
169,052021_left_com1,263,ZT2,cycle,0.000793463,0.453390589,0.2189,0.081271,7.56E-05,0.002356689,22.92,30.92,23.03,7.47,21.99,9.62,0.08,22.44,0.11,0.38,0.08,ZT2_cycle
170,052021_left_com2,264,ZT2,cycle,0.000793463,0.419068947,0.46042,0.084478,1.99E-05,1.76E-05,22.92,22.92,20.12,20.12,19.21,19.21,0.07,22.51,20.89,0.41,0.07,ZT2_cycle
171,052021_left_com3,265,ZT2,cycle,0.000793463,0.149217362,0.27339,0.13912,0.000294,1.76E-05,22.6,34,21.72,14.53,20.45,20.59,0.13,36.45,12.77,0.5,0.16,ZT2_cycle
172,052021_left_com4,266,ZT2,cycle,0.000793463,0.372412893,0.32937,0.09338,1.99E-05,0.000106,23.68,23.68,18.33,18.33,18.09,18.09,0.11,18.7,22.81,0.49,0.13,ZT2_cycle
173,052021_left_com5,267,ZT2,cycle,0.000793463,0.599955124,0.31348,0.061385,7.56E-05,0.000425,26.08,29.12,15.65,12.97,17.01,15.74,0.11,26.19,15.57,0.5,0.11,ZT2_cycle
174,052021_left_com6,268,ZT2,cycle,0.000793463,0.600790821,0.3902,0.060703,1.99E-05,1.76E-05,21.56,21.56,21.08,21.08,18.94,18.94,0.13,21.59,21.03,0.34,0.13,ZT2_cycle
175,052021_right_com1,269,ZT2,cycle,0.000793463,0.056144342,0.31955,0.16286,1.99E-05,1.76E-05,25.74,25.74,18.19,18.19,19.51,19.51,0.11,22.84,21.06,0.48,0.12,ZT2_cycle
176,052021_right_com2,270,ZT2,cycle,0.000793463,0.006461055,0.44252,0.24337,1.99E-05,1.76E-05,24.18,24.18,18.12,18.12,18.26,18.26,0.14,23.42,19.33,0.38,0.14,ZT2_cycle
177,052021_right_com3,271,ZT2,cycle,0.000793463,0.095775642,0.49725,0.15864,1.99E-05,1.76E-05,22.56,22.56,18.85,18.85,17.72,17.72,0.07,23.58,16.69,0.35,0.08,ZT2_cycle
178,052021_right_com4,272,ZT2,cycle,0.003603776,0.049988164,0.18447,0.16665,1.99E-05,1.76E-05,25.1,25.1,16.81,16.81,17.58,17.58,0.06,22.75,19.94,0.99,0.07,ZT2_cycle
179,052021_right_com5,273,ZT2,cycle,0.000793463,0.085776077,0.21543,0.16868,0.63523685,1.76E-05,27.98,29.52,21.48,19.2,25.04,23.61,0.11,31.68,16.45,0.48,0.14,ZT2_cycle
180,052021_right_com6,274,ZT2,cycle,0.000793463,0.006461055,0.18948,0.57924,0.198425794,1.76E-05,25.94,32.96,10.54,6.72,11.39,9.23,0.06,31.91,7.48,0.6,0.1,ZT2_cycle
181,052721_left_com1,275,ZT2,cycle,0.000793463,0.100173054,0.2387,0.14507,0.000584,1.76E-05,27.9,28.28,9.79,9.28,11.38,10.93,0.11,24.36,15.51,0.43,0.1,ZT2_cycle
182,052721_left_com2,276,ZT2,cycle,0.000793463,0.055836279,0.36794,0.18734,0.000267,0.000106,24.96,24.96,16.89,16.89,17.57,17.57,0.13,26.06,15.49,0.38,0.14,ZT2_cycle
183,052721_left_com3,277,ZT2,cycle,0.000793463,0.508850444,0.20397,0.072079,0.023943607,0.039445606,22.42,33.98,18.49,13.44,17.27,19.03,0.11,16.71,0.76,0.56,0.12,ZT2_cycle
184,052721_left_com4,278,ZT2,cycle,0.000793463,0.273782895,0.54363,0.10823,1.99E-05,1.76E-05,23.3,23.3,19.54,19.54,18.97,18.97,0.15,23.02,20.01,0.32,0.15,ZT2_cycle
185,052721_left_com5,279,ZT2,cycle,0.000793463,0.347312193,0.651,0.09872,1.99E-05,1.76E-05,23.96,23.96,18.09,18.09,18.06,18.06,0.25,22.81,20.13,0.28,0.25,ZT2_cycle
186,052721_left_com6,280,ZT2,cycle,0.000793463,0.112534284,0.66251,0.15306,1.99E-05,1.76E-05,23.2,23.2,18.9,18.9,18.27,18.27,0.23,23,19.24,0.26,0.23,ZT2_cycle
187,052721_right_com1,281,ZT2,cycle,0.000793463,0.640186358,0.56957,0.057492,1.99E-05,1.76E-05,22.78,22.78,19.43,19.43,18.44,18.44,0.16,22.64,19.75,0.34,0.16,ZT2_cycle
188,052721_right_com2,282,ZT2,cycle,0.000793463,0.544016248,0.51824,0.067186,1.99E-05,1.76E-05,25.3,25.3,16.74,16.74,17.65,17.65,0.14,25.28,16.77,0.37,0.14,ZT2_cycle
189,052721_right_com3,283,ZT2,cycle,0.000793463,0.560502205,0.6423,0.064824,1.99E-05,1.76E-05,24.14,24.14,18.02,18.02,18.13,18.13,0.16,23.74,18.64,0.25,0.16,ZT2_cycle
190,052721_right_com4,284,ZT2,cycle,0.000793463,0.626637339,0.37048,0.057805,1.99E-05,1.76E-05,26.86,26.86,12.11,12.11,13.55,13.55,0.16,26.25,13.24,0.4,0.16,ZT2_cycle
191,052721_right_com5,285,ZT2,cycle,0.000793463,0.643040659,0.52882,0.055869,1.99E-05,1.76E-05,23.06,23.06,20.19,20.19,19.4,19.4,0.25,23.55,19.48,0.26,0.25,ZT2_cycle
192,052721_right_com6,286,ZT2,cycle,0.026459559,0.075917398,0.12873,0.16866,0.314167989,0.241018651,27.36,27.36,5.65,5.65,6.44,6.44,0.06,23.68,13.68,0.66,0.08,ZT2_cycle
193,062121_left_com1,288,ZT2,constant,0.003603776,0.006461055,0.20726,0.44144,0.351323284,2.78E-05,27.94,30.1,15.14,12,17.63,15.05,0.06,14.56,4.02,0.34,0.15,ZT2_constant
194,062121_left_com2,289,ZT2,constant,0.081213263,0.269419054,0.10548,0.11287,0.102524365,0.531807182,24.32,24.32,14.23,14.23,14.42,14.42,0.08,26.91,9.86,0.67,0.09,ZT2_constant
195,062121_left_com3,290,ZT2,constant,0.000793463,0.484036608,0.83723,0.076245,7.00E-05,2.78E-05,23.38,23.38,15.98,15.98,15.57,15.57,0.27,23.33,16.1,0.18,0.27,ZT2_constant
196,062121_left_com4,291,ZT2,constant,0.000793463,0.895607429,0.56626,0.030275,0.000103,2.78E-05,27.44,27.44,4.66,4.66,5.33,5.33,0.18,27.35,4.78,0.27,0.18,ZT2_constant
197,062121_left_com5,292,ZT2,constant,0.000793463,0.315221177,0.76617,0.10428,0.00019,2.78E-05,20.44,20.44,22.81,22.81,19.43,19.43,0.22,20.66,22.23,0.11,0.22,ZT2_constant
198,062121_left_com6,293,ZT2,constant,0.115672467,0.323308643,0.095271,0.10381,0.335753265,0.15667424,26.5,26.5,12.65,12.65,13.97,13.97,0.08,23.22,18.56,0.39,0.09,ZT2_constant
199,062121_right_com1,294,ZT2,constant,0.000793463,0.464457567,0.39978,0.079259,0.010957277,2.78E-05,27.86,32.14,6.06,23.74,7.04,31.79,0.15,31.58,0.51,0.43,0.14,ZT2_constant
200,062121_right_com2,295,ZT2,constant,0.502979496,0.09799267,0.042585,0.16182,0.508499545,0.716906126,28,29.88,22.77,19.53,26.56,24.31,0.02,13.55,16.03,0.47,0.08,ZT2_constant
201,062121_right_com3,296,ZT2,constant,0.000793463,0.610419956,0.31485,0.060526,0.003593297,0.00074,22.28,22.28,18.11,18.11,16.81,16.81,0.11,21.73,19.6,0.52,0.11,ZT2_constant
202,062121_right_com4,297,ZT2,constant,0.369594572,0.426429642,0.055171,0.086242,0.552845987,0.834077866,27.94,33.24,15.25,10.41,17.75,14.42,0.04,84.48,1.2,0.44,0.17,ZT2_constant
203,062121_right_com5,298,ZT2,constant,0.029352873,0.006461055,0.13906,0.2741,0.102524365,0.013838323,20,33.96,10.2,6.81,8.5,9.64,0.07,17.82,17.06,0.49,0.08,ZT2_constant
204,062121_right_com6,299,ZT2,constant,0.029352873,0.235286981,0.13636,0.11827,0.241472763,0.00105323,26.74,26.74,9.86,9.86,10.99,10.99,0.09,23.23,17.91,0.46,0.09,ZT2_constant
205,062521_left_com1,300,ZT2,constant,0.000793463,0.029074748,0.41233,0.20078,0.001211526,2.78E-05,20,19.06,3.04,6.22,2.53,4.94,0.14,19.59,4.4,0.43,0.14,ZT2_constant
206,062521_left_com2,301,ZT2,constant,0.096299543,0.25183431,0.10082,0.11259,0.102524365,0.17349506,24.44,24.44,5.43,5.43,5.53,5.53,0.06,22.96,8.71,0.57,0.06,ZT2_constant
207,062521_left_com3,302,ZT2,constant,0.13092853,0.679833039,0.090468,0.052611,0.999440006,0.002271907,20.54,34,11.98,10.04,10.25,14.23,0.05,21.56,9.21,0.42,0.05,ZT2_constant
208,062521_left_com4,303,ZT2,constant,0.003603776,0.061628526,0.20943,0.19502,0.095907578,0.027144173,20,19.12,0.53,2.75,0.44,2.19,0.12,19.02,3.02,0.43,0.13,ZT2_constant
209,062521_left_com5,304,ZT2,constant,0.000793463,0.140707424,0.73444,0.14417,7.00E-05,2.78E-05,23.78,23.78,12.05,12.05,11.94,11.94,0.24,24.45,10.69,0.17,0.24,ZT2_constant
210,062521_left_com6,305,ZT2,constant,0.004966144,0.150757954,0.18047,0.14304,0.20213566,7.00E-05,28,30.94,16.3,13.11,19.02,16.9,0.13,338.2,15.37,0.86,2.47,ZT2_constant
211,062521_right_com1,306,ZT2,constant,0.000793463,0.080933218,0.24892,0.15884,0.001299229,8.75E-05,22.12,33.44,17.5,10.33,16.13,14.4,0.14,21.79,18.28,0.75,0.14,ZT2_constant
212,062521_right_com2,307,ZT2,constant,0.000793463,0.771188424,0.4911,0.041778,0.000103,2.78E-05,21.38,21.38,18.85,18.85,16.79,16.79,0.21,21.08,19.54,0.2,0.21,ZT2_constant
213,062521_right_com3,308,ZT2,constant,0.003603776,0.038766331,0.19337,0.21536,0.033123543,0.036324637,27.3,28.26,14.67,13.46,16.69,15.85,0.11,26.08,16.08,0.62,0.1,ZT2_constant
214,062521_right_com4,309,ZT2,constant,0.000793463,0.006461055,0.32352,0.3387,0.001394914,2.78E-05,27.72,27.72,10.35,10.35,11.95,11.95,0.11,28.59,9.53,0.43,0.12,ZT2_constant
215,062521_right_com5,310,ZT2,constant,0.000793463,0.190837508,0.30669,0.12704,0.000163,0.000101,21.02,21.02,18.58,18.58,16.27,16.27,0.11,21.09,18.39,0.44,0.11,ZT2_constant
216,062521_right_com6,311,ZT2,constant,0.044935597,0.726421405,0.1251,0.046868,0.307192874,0.072368324,28,34,2.94,22.31,3.43,31.6,0.12,29.78,1.07,0.49,0.12,ZT2_constant
217,070221_left_com1,313,ZT8,cycle,0.000793463,0.289266825,0.48211,0.10671,1.99E-05,1.76E-05,22.34,22.34,21.87,21.87,20.36,20.36,0.19,23.06,20.19,0.23,0.18,ZT8_cycle
218,070221_left_com2,314,ZT8,cycle,0.000793463,0.678553468,0.52079,0.049995,1.99E-05,1.76E-05,24.3,24.3,14.67,14.67,14.85,14.85,0.11,25.88,12.24,0.37,0.11,ZT8_cycle
219,070221_left_com3,315,ZT8,cycle,0.025488974,0.14499368,0.12357,0.14471,0.348273145,1.76E-05,27.68,34,5.71,21.09,6.59,29.88,0.11,31.63,23.59,0.47,0.14,ZT8_cycle
220,070221_left_com4,316,ZT8,cycle,0.014967336,0.946255979,0.15307,0.024064,0.011819956,0.226498859,21.96,21.96,21.44,21.44,19.62,19.62,0.1,22.56,20.57,0.6,0.1,ZT8_cycle
221,070221_left_com5,317,ZT8,cycle,0.000793463,0.830150014,0.70809,0.03585,1.99E-05,1.76E-05,23.84,23.84,20.48,20.48,20.34,20.34,0.21,24.22,19.79,0.24,0.21,ZT8_cycle
222,070221_left_com6,318,ZT8,cycle,0.000793463,0.988668131,0.63584,0.014169,1.99E-05,1.76E-05,24,24,18.15,18.15,18.15,18.15,0.25,23.53,18.95,0.15,0.25,ZT8_cycle
223,070221_right_com1,319,ZT8,cycle,0.000793463,0.453390589,0.3224,0.082541,1.99E-05,1.76E-05,24.1,34,20.55,0.09,20.64,0.13,0.14,25.38,17.84,0.52,0.13,ZT8_cycle
224,070221_right_com2,320,ZT8,cycle,0.007509453,0.527761299,0.15726,0.069621,0.024218855,0.000825,24.44,32.94,11.06,5.33,11.26,7.31,0.07,72.45,2.95,0.65,0.1,ZT8_cycle
225,070221_right_com3,321,ZT8,cycle,0.000793463,0.503133339,0.40436,0.074357,1.99E-05,1.76E-05,24.7,33.46,16.91,23.91,17.4,33.34,0.15,24.88,16.51,0.42,0.15,ZT8_cycle
226,070221_right_com4,322,ZT8,cycle,0.000793463,0.132941105,0.32021,0.13899,0.050080824,1.76E-05,28,31.28,21.13,16.21,24.65,21.13,0.07,32.75,14.36,0.37,0.1,ZT8_cycle
227,070221_right_com5,323,ZT8,cycle,0.000793463,0.154888309,0.34794,0.13893,1.99E-05,1.76E-05,24.32,24.32,18.04,18.04,18.28,18.28,0.11,25.96,14.41,0.55,0.1,ZT8_cycle
228,070221_right_com6,324,ZT8,cycle,0.000793463,0.738621487,0.21975,0.047346,0.299399777,0.000414,20.3,20.3,18.31,18.31,15.49,15.49,0.12,19.97,19.49,0.59,0.12,ZT8_cycle
229,070821_left_com1,325,ZT8,cycle,0.000793463,0.056144342,0.36103,0.1831,1.99E-05,1.76E-05,23.96,23.96,17.73,17.73,17.7,17.7,0.14,22.35,20.99,0.51,0.13,ZT8_cycle
230,070821_left_com2,326,ZT8,cycle,0.000793463,0.206600842,0.37925,0.12404,1.99E-05,1.76E-05,22.7,22.7,23.65,23.65,22.37,22.37,0.13,22.71,23.64,0.35,0.13,ZT8_cycle
231,070821_left_com3,327,ZT8,cycle,0.000793463,0.047086046,0.2641,0.2096,1.99E-05,6.56E-05,25.1,25.1,9.6,9.6,10.04,10.04,0.08,24.27,10.91,0.5,0.09,ZT8_cycle
232,070821_left_com4,328,ZT8,cycle,0.000793463,0.006461055,0.20806,0.3036,1.99E-05,1.76E-05,23.8,30.32,18.18,12.34,18.03,15.59,0.1,23.74,18.25,0.53,0.1,ZT8_cycle
233,070821_left_com5,329,ZT8,cycle,0.000793463,0.006461055,0.28013,0.26475,0.572911559,1.76E-05,28,31.1,21.32,18.54,24.87,24.02,0.08,30.51,19.06,0.46,0.09,ZT8_cycle
234,070821_left_com6,330,ZT8,cycle,0.000793463,0.390671044,0.68763,0.087401,1.99E-05,1.76E-05,23.68,23.68,18.78,18.78,18.53,18.53,0.18,23.9,18.37,0.19,0.18,ZT8_cycle
235,070821_right_com1,331,ZT8,cycle,0.000793463,0.390671044,0.67745,0.090287,1.99E-05,1.76E-05,23.42,23.42,20.74,20.74,20.24,20.24,0.2,23.31,20.96,0.18,0.2,ZT8_cycle
236,070821_right_com2,332,ZT8,cycle,0.000793463,0.473843847,0.20894,0.076226,0.276803122,0.004240212,28,30.18,2.4,23.79,2.8,29.91,0.11,57.92,16.28,0.29,0.15,ZT8_cycle
237,070821_right_com3,333,ZT8,cycle,0.000793463,0.354246133,0.45388,0.09607,1.99E-05,1.76E-05,24.38,24.38,19.51,19.51,19.82,19.82,0.15,27.2,13.9,0.41,0.16,ZT8_cycle
238,070821_right_com4,334,ZT8,cycle,0.115672467,0.04331637,0.08432,0.22231,0.008379229,0.017713197,24.68,24.68,3.06,3.06,3.15,3.15,0.02,12.44,23.21,0.43,0.08,ZT8_cycle
239,070821_right_com5,335,ZT8,cycle,0.006190821,0.988668131,0.17596,0.014115,0.050080824,1.76E-05,28,34,6.68,21.59,7.79,30.59,0.1,37.39,18,0.32,0.16,ZT8_cycle
240,070821_right_com6,336,ZT8,cycle,0.000793463,0.16563796,0.58838,0.13557,1.99E-05,1.76E-05,22.52,22.52,21.03,21.03,19.73,19.73,0.15,22.27,21.61,0.28,0.15,ZT8_cycle
241,071821_left_com1,338,ZT8,constant,0.003603776,0.517937328,0.19708,0.071271,0.027649724,2.78E-05,22.36,33.48,17.08,13.23,15.91,18.46,0.09,23.19,15.95,0.66,0.09,ZT8_constant
242,071821_left_com2,339,ZT8,constant,0.000793463,0.080933218,0.26618,0.17443,0.003593297,0.000214,22.16,34,18.38,12.04,16.97,17.05,0.1,22.3,18.07,0.67,0.1,ZT8_constant
243,071821_left_com3,340,ZT8,constant,0.000793463,0.608073889,0.40295,0.060062,0.085677422,2.78E-05,20.42,20.42,18.17,18.17,15.46,15.46,0.13,19.89,19.69,0.36,0.14,ZT8_constant
244,071821_left_com4,341,ZT8,constant,0.000793463,0.074687427,0.37822,0.1656,7.00E-05,4.86E-05,24.12,24.12,9.73,9.73,9.78,9.78,0.14,23.41,11.46,0.53,0.14,ZT8_constant
245,071821_left_com5,342,ZT8,constant,0.013764857,0.140102881,0.15608,0.14236,0.028946958,0.009729903,22.98,33.22,5.49,23.98,5.26,33.19,0.08,47.84,14.05,0.27,0.18,ZT8_constant
246,071821_left_com6,343,ZT8,constant,0.000793463,0.473202614,0.32991,0.077489,0.000406,4.86E-05,21.52,21.52,18.02,18.02,16.16,16.16,0.12,22.58,15.7,0.41,0.13,ZT8_constant
247,071821_right_com1,344,ZT8,constant,0.000793463,0.793720257,0.30283,0.039823,0.000128,0.000118,21.36,32.06,14.87,11.9,13.23,15.89,0.07,21.37,14.82,0.53,0.07,ZT8_constant
248,071821_right_com2,345,ZT8,constant,0.000793463,0.061628526,0.31533,0.17757,0.000653,8.75E-05,24.2,24.2,0.43,0.43,0.43,0.43,0.09,21.82,6.59,0.32,0.11,ZT8_constant
249,071821_right_com3,346,ZT8,constant,0.000793463,0.387775677,0.38034,0.090562,0.117676601,2.78E-05,27.98,33.2,10.04,2.62,11.71,3.62,0.09,31.42,4.87,0.38,0.1,ZT8_constant
250,071821_right_com4,347,ZT8,constant,0.011306847,0.387775677,0.1638,0.090224,0.028280378,0.301464377,22.98,30.9,12.15,17.32,11.63,22.3,0.07,23.37,11.07,0.75,0.07,ZT8_constant
251,071821_right_com5,348,ZT8,constant,0.003603776,0.387775677,0.1947,0.092487,0.000653,0.032267663,24.3,30.44,14.71,6.13,14.89,7.78,0.06,23.32,16.87,0.43,0.07,ZT8_constant
252,071821_right_com6,349,ZT8,constant,0.000793463,0.154888309,0.60603,0.13928,7.00E-05,2.78E-05,20.58,20.58,15.41,15.41,13.21,13.21,0.2,21.05,14.24,0.25,0.2,ZT8_constant
253,072221_left_com1,350,ZT8,constant,0.000793463,0.019245696,0.27382,0.29762,0.103371059,0.000149,20,34,20.4,11.92,17,16.89,0.17,19.26,22.89,0.31,0.18,ZT8_constant
254,072221_left_com2,351,ZT8,constant,0.000793463,0.032096855,0.23048,0.22105,0.462886881,8.75E-05,20.06,30.1,17.71,11.18,14.8,14.02,0.1,44,2.7,0.48,0.14,ZT8_constant
255,072221_left_com3,352,ZT8,constant,0.006190821,0.066650885,0.17303,0.18983,0.107504607,0.007401565,20.94,20.94,17.9,17.9,15.62,15.62,0.11,21.39,16.95,0.48,0.11,ZT8_constant
256,072221_left_com4,353,ZT8,constant,0.000793463,0.154155317,0.35256,0.14002,0.000128,0.000377,22.98,33.98,11.73,11.65,11.23,16.5,0.11,22.52,12.87,0.49,0.12,ZT8_constant
257,072221_left_com5,354,ZT8,constant,0.006190821,0.006461055,0.19921,0.44599,0.000297,2.78E-05,25.44,25.44,11.13,11.13,11.8,11.8,0.09,21.89,18.53,0.49,0.1,ZT8_constant
258,072221_left_com6,355,ZT8,constant,0.000793463,0.083375703,0.38408,0.17076,7.00E-05,2.78E-05,22.36,22.36,18.16,18.16,16.92,16.92,0.12,23.88,14.66,0.47,0.13,ZT8_constant
259,072221_right_com1,356,ZT8,constant,0.063346875,0.032096855,0.11863,0.23117,0.000918,0.006681751,22.76,32.08,12.46,4.18,11.82,5.59,0.06,53.26,20.85,0.72,0.08,ZT8_constant
260,072221_right_com2,357,ZT8,constant,0.231162197,0.593358611,0.070838,0.061411,0.281378139,0.004564538,20.66,34,0.02,12.4,0.02,17.57,0.05,46.44,1.43,0.25,0.18,ZT8_constant
261,072221_right_com3,358,ZT8,constant,0.002299698,0.038766331,0.21012,0.20524,0.001211526,2.78E-05,24.3,34,11.37,21.77,11.51,30.84,0.07,63.72,6.77,0.23,0.08,ZT8_constant
262,072221_right_com4,359,ZT8,constant,0.026459559,0.019245696,0.13793,0.2112,0.004711491,0.009749903,26.1,28.34,11.45,11.3,12.45,13.34,0.03,20.78,19.73,0.74,0.04,ZT8_constant
263,072221_right_com5,360,ZT8,constant,0.000793463,0.522110268,0.31277,0.073088,0.001394914,4.86E-05,27.68,27.68,1.42,1.42,1.64,1.64,0.17,27.84,1.18,0.36,0.17,ZT8_constant
264,072221_right_com6,361,ZT8,constant,0.000793463,0.019245696,0.36208,0.24682,0.000128,7.00E-05,25.24,25.24,6.16,6.16,6.48,6.48,0.12,25.35,6,0.43,0.12,ZT8_constant
265,102120_left_com1,1,ZT0,cycle,0.00871046,0.183185137,0.15641,0.13414,0.012341877,0.058308423,20.38,20.38,0.24,0.24,0.2,0.2,0.08,21.04,22.88,0.61,0.07,ZT0_cycle
266,102120_left_com2,2,ZT0,cycle,0.000793463,0.014282333,0.50328,0.26765,1.99E-05,1.76E-05,24.9,24.9,23.92,23.92,24.82,24.82,0.12,24.21,1.44,0.36,0.12,ZT0_cycle
267,102120_left_com3,3,ZT0,cycle,0.029352873,0.336227008,0.11974,0.10003,0.053630575,0.001215488,26.24,34,18.36,6.68,20.07,9.46,0.05,41.18,1.07,0.49,0.09,ZT0_cycle
268,102120_left_com4,4,ZT0,cycle,0.000793463,0.055836279,0.22657,0.17502,0.006784118,0.003568853,27.52,27.52,15.01,15.01,17.21,17.21,0.11,54.24,7.27,0.59,0.11,ZT0_cycle
269,102120_left_com5,5,ZT0,cycle,0.000793463,0.380477922,0.31997,0.091038,0.00028,0.019821802,25.7,25.7,17.86,17.86,19.13,19.13,0.15,22.34,20.78,0.42,0.16,ZT0_cycle
270,102120_left_com6,6,ZT0,cycle,0.634690988,0.950814822,0.031297,0.023067,0.572911559,0.998310017,20,34,23.59,23.76,19.66,33.66,0.04,58.9,15.18,0.19,0.25,ZT0_cycle
271,102120_right_com1,7,ZT0,cycle,0.000793463,0.608073889,0.18593,0.062275,1.99E-05,0.00134691,25.94,33.74,22.35,17.62,24.16,24.77,0.07,25.8,22.48,0.56,0.07,ZT0_cycle
272,102120_right_com2,8,ZT0,cycle,0.000793463,0.473202614,0.589,0.079076,1.99E-05,1.76E-05,24.62,24.62,17.82,17.82,18.28,18.28,0.13,24.58,17.9,0.31,0.13,ZT0_cycle
273,102120_right_com3,9,ZT0,cycle,0.000793463,0.988668131,0.59603,0.015284,1.99E-05,1.76E-05,24.4,24.4,16.26,16.26,16.53,16.53,0.14,24.21,16.53,0.28,0.14,ZT0_cycle
274,102120_right_com4,10,ZT0,cycle,0.000793463,0.104427461,0.24148,0.1524,1.99E-05,1.76E-05,23.5,32.22,14.98,21.63,14.67,29.04,0.11,31.35,22.83,0.44,0.13,ZT0_cycle
275,102120_right_com5,11,ZT0,cycle,0.000793463,0.674975803,0.50184,0.052141,1.99E-05,1.76E-05,24.26,24.26,18.04,18.04,18.24,18.24,0.18,24.55,17.51,0.26,0.18,ZT0_cycle
276,102120_right_com6,12,ZT0,cycle,0.000793463,0.035633698,0.30002,0.20606,1.99E-05,1.76E-05,23.3,23.3,22.15,22.15,21.5,21.5,0.03,22.51,23.24,0.58,0.03,ZT0_cycle
277,102720_left_com1,13,ZT0,cycle,0.000793463,0.1065032,0.54907,0.15052,1.99E-05,1.76E-05,22.7,22.7,20.5,20.5,19.39,19.39,0.12,22.28,21.39,0.25,0.12,ZT0_cycle
278,102720_left_com2,14,ZT0,cycle,0.000793463,0.025327336,0.24837,0.24806,1.99E-05,0.000252,24.84,24.84,19.66,19.66,20.35,20.35,0.07,22.69,0.14,0.53,0.09,ZT0_cycle
279,102720_left_com3,15,ZT0,cycle,0.000793463,0.056144342,0.36195,0.18109,1.99E-05,0.000106,25.3,25.3,13.39,13.39,14.12,14.12,0.15,23.5,16.81,0.51,0.16,ZT0_cycle
280,102720_left_com4,16,ZT0,cycle,0.000793463,0.472415614,0.55147,0.078287,1.99E-05,1.76E-05,26.12,26.12,14.71,14.71,16.01,16.01,0.15,26.16,14.64,0.38,0.15,ZT0_cycle
281,102720_left_com5,17,ZT0,cycle,0.000793463,0.179764548,0.23264,0.1291,1.99E-05,0.000166,21.68,21.68,21.63,21.63,19.54,19.54,0.13,20.61,23.79,0.27,0.12,ZT0_cycle
282,102720_left_com6,18,ZT0,cycle,0.000793463,0.315221177,0.45046,0.10405,1.99E-05,1.76E-05,25.54,25.54,13.16,13.16,14,14,0.15,25.09,14.07,0.37,0.15,ZT0_cycle
283,102720_right_com1,19,ZT0,cycle,0.000793463,0.442139926,0.66307,0.081877,1.99E-05,1.76E-05,26.12,26.12,18,18,19.59,19.59,0.21,26.42,17.58,0.23,0.22,ZT0_cycle
284,102720_right_com2,20,ZT0,cycle,0.000793463,0.27517294,0.59786,0.10984,1.99E-05,1.76E-05,23.88,23.88,19.57,19.57,19.47,19.47,0.17,24.94,17.75,0.2,0.17,ZT0_cycle
285,102720_right_com3,21,ZT0,cycle,0.241036916,0.006461055,0.06419,0.27513,0.000797,0.0011518,24.06,34,18.35,10.91,18.4,15.46,0.05,22.37,22.44,0.64,0.06,ZT0_cycle
286,102720_right_com4,22,ZT0,cycle,0.000793463,0.055836279,0.51227,0.18511,1.99E-05,1.76E-05,23.78,23.78,21.25,21.25,21.06,21.06,0.15,23.51,21.79,0.3,0.15,ZT0_cycle
287,102720_right_com5,23,ZT0,cycle,0.000793463,0.387775677,0.22769,0.089209,1.99E-05,1.76E-05,25.6,28.34,12.28,6.23,13.1,7.36,0.09,22.46,20.09,0.66,0.08,ZT0_cycle
288,102720_right_com6,24,ZT0,cycle,0.000793463,0.309207641,0.50361,0.10361,1.99E-05,1.76E-05,25.7,25.7,14.07,14.07,15.07,15.07,0.16,23.79,17.02,0.21,0.16,ZT0_cycle
289,110420_left_com1,26,ZT0,constant,0.017444849,0.457463891,0.15141,0.079222,0.270574217,0.064869214,26.14,33.86,7.58,22.9,8.26,32.31,0.07,32.62,23.96,0.44,0.11,ZT0_constant
290,110420_left_com2,27,ZT0,constant,0.000793463,0.238093597,0.54153,0.12031,7.00E-05,2.78E-05,22.14,22.14,12.04,12.04,11.11,11.11,0.15,22,12.38,0.36,0.15,ZT0_constant
291,110420_left_com3,28,ZT0,constant,0.013764857,0.049988164,0.15992,0.19335,0.022039384,2.78E-05,28,34,1.35,16.27,1.57,23.05,0.07,32.11,18.63,0.54,0.09,ZT0_constant
292,110420_left_com4,29,ZT0,constant,0.000793463,0.305226874,0.21668,0.10448,0.001211526,2.78E-05,23.06,23.06,18.15,18.15,17.44,17.44,0.14,23.26,17.63,0.56,0.14,ZT0_constant
293,110420_left_com5,30,ZT0,constant,0.000793463,0.473202614,0.3848,0.078254,0.022406639,2.78E-05,20.04,34,10.25,21.43,8.56,30.36,0.15,38.94,17.63,0.49,0.16,ZT0_constant
294,110420_left_com6,31,ZT0,constant,0.000793463,0.473202614,0.44623,0.079451,7.00E-05,2.78E-05,25.12,25.12,13.01,13.01,13.62,13.62,0.11,25.98,12.06,0.38,0.1,ZT0_constant
295,110420_right_com1,32,ZT0,constant,0.000793463,0.068302583,0.31281,0.16197,0.000219,2.78E-05,24.46,34,11.82,3.37,12.05,4.77,0.07,20.82,18.12,0.45,0.09,ZT0_constant
296,110420_right_com2,33,ZT0,constant,0.000793463,0.035633698,0.21005,0.18257,0.144456585,2.78E-05,28,31.24,11.63,7.04,13.57,9.17,0.06,33.48,4.62,0.52,0.08,ZT0_constant
297,110420_right_com3,34,ZT0,constant,0.000793463,0.672524055,0.23707,0.053833,0.004711491,4.86E-05,28,28.2,11.93,11.55,13.92,13.57,0.09,26.91,14.18,0.59,0.1,ZT0_constant
298,110420_right_com4,35,ZT0,constant,0.000793463,0.66641759,0.41881,0.054556,0.000103,2.78E-05,26.42,26.42,12.1,12.1,13.32,13.32,0.14,29.46,9.19,0.5,0.15,ZT0_constant
299,110420_right_com5,36,ZT0,constant,0.003603776,0.029074748,0.22545,0.22211,0.258184038,0.028604493,20,19.9,23.99,0.19,19.99,0.16,0.08,20.78,22.33,0.71,0.08,ZT0_constant
300,110420_right_com6,37,ZT0,constant,0.000793463,0.666599821,0.32857,0.05331,0.001157246,8.75E-05,27.46,27.46,5.94,5.94,6.8,6.8,0.11,27.89,5.21,0.51,0.11,ZT0_constant
301,111120_left_com1,38,ZT0,constant,0.026459559,0.063510798,0.13245,0.18026,0.006059314,0.000941,28,34,14.97,9.15,17.47,12.96,0.09,41.25,3.93,0.3,0.15,ZT0_constant
302,111120_left_com2,39,ZT0,constant,0.0393537,0.140707424,0.12082,0.14147,0.105375869,0.100390663,27.54,27.54,9.31,9.31,10.68,10.68,0.07,35.13,0.46,0.6,0.11,ZT0_constant
303,111120_left_com3,40,ZT0,constant,0.020947421,0.112534284,0.11801,0.13629,0.431476577,0.000149,21.62,33.14,14.73,8.77,13.27,12.11,0.03,276.6,16.1,1,0.35,ZT0_constant
304,111120_left_com4,41,ZT0,constant,0.000793463,0.154888309,0.20677,0.13894,0.000297,0.001529264,22.24,33.72,14.29,7.31,13.24,10.27,0.07,25.49,10.87,0.78,0.06,ZT0_constant
305,111120_left_com5,42,ZT0,constant,0.006190821,0.071320109,0.17594,0.17576,0.113539909,0.00074,27.48,27.48,23.84,23.84,27.3,27.3,0.03,21.62,9.82,0.59,0.05,ZT0_constant
306,111120_left_com6,43,ZT0,constant,0.000793463,0.132203129,0.27965,0.14314,0.000128,0.001384077,21.4,21.4,23.81,23.81,21.23,21.23,0.13,20.93,0.87,0.26,0.13,ZT0_constant
307,111120_right_com1,44,ZT0,constant,0.049444731,0.061628526,0.10825,0.18353,0.432411815,0.046992537,21.36,21.36,15.48,15.48,13.78,13.78,0.05,21.79,14.66,1,0.05,ZT0_constant
308,111120_right_com2,45,ZT0,constant,0.105993016,0.20474194,0.096018,0.12862,0.01777326,0.313949021,20.42,33.94,0.54,23.31,0.46,32.96,0.02,47.25,13.55,0.77,0.06,ZT0_constant
309,111120_right_com3,46,ZT0,constant,0.000793463,0.772135017,0.31001,0.0418,0.000103,0.000149,21.36,33.38,18.31,8.04,16.3,11.18,0.1,22.34,16.69,0.47,0.11,ZT0_constant
310,111120_right_com4,47,ZT0,constant,0.000793463,0.593358611,0.40918,0.063603,7.00E-05,2.78E-05,27.28,28.9,11.81,10.31,13.42,12.41,0.13,31.48,7.83,0.45,0.15,ZT0_constant
311,111120_right_com5,48,ZT0,constant,0.000793463,0.34710396,0.54516,0.097614,7.00E-05,2.78E-05,28,30.82,9.11,5.52,10.63,7.09,0.17,27.05,10.51,0.28,0.17,ZT0_constant
312,111120_right_com6,49,ZT0,constant,0.000793463,0.032096855,0.41194,0.21673,7.00E-05,2.78E-05,25.44,25.44,12.09,12.09,12.82,12.82,0.09,26.33,10.79,0.4,0.09,ZT0_constant
313,112420_left_com1,51,ZT6,cycle,0.000793463,0.071267397,0.17672,0.14644,0.013321911,0.003848542,22.56,22.56,18.87,18.87,17.74,17.74,0.05,23.15,17.83,0.71,0.05,ZT6_cycle
314,112420_left_com2,52,ZT6,cycle,0.000793463,0.035633698,0.20022,0.20824,0.000911,0.000348,22.96,22.96,20.18,20.18,19.31,19.31,0.1,22.08,21.4,0.62,0.09,ZT6_cycle
315,112420_left_com3,53,ZT6,cycle,0.000793463,0.582029675,0.72097,0.064111,1.99E-05,1.76E-05,23.88,23.88,19.98,19.98,19.88,19.88,0.2,24.03,19.75,0.22,0.2,ZT6_cycle
316,112420_left_com4,54,ZT6,cycle,0.000793463,0.540790319,0.2496,0.070533,1.99E-05,0.00107831,22.46,22.46,23.93,23.93,22.39,22.39,0.13,23.13,22.63,0.14,0.13,ZT6_cycle
317,112420_left_com5,55,ZT6,cycle,0.000793463,0.339864049,0.37553,0.099453,1.99E-05,1.76E-05,24.6,24.6,17.45,17.45,17.89,17.89,0.12,24.08,18.32,0.3,0.12,ZT6_cycle
318,112420_left_com6,56,ZT6,cycle,0.000793463,0.189788541,0.26325,0.11136,0.00028,0.005107386,24.78,32.28,20.99,16.75,21.67,22.53,0.13,25.68,20.15,0.6,0.13,ZT6_cycle
319,112420_right_com1,57,ZT6,cycle,0.000793463,0.055836279,0.32793,0.18851,1.99E-05,1.76E-05,25.48,25.48,22.3,22.3,23.68,23.68,0.09,25.6,22.11,0.59,0.09,ZT6_cycle
320,112420_right_com2,58,ZT6,cycle,0.000793463,0.019245696,0.4408,0.2067,1.99E-05,1.76E-05,26.42,26.42,18.91,18.91,20.82,20.82,0.09,26.1,19.58,0.43,0.09,ZT6_cycle
321,112420_right_com3,59,ZT6,cycle,0.424855561,0.006461055,0.045042,0.38765,0.001225702,7.92E-05,25.66,33.92,16.23,1.1,17.35,1.56,0.02,12.77,18.46,0.4,0.1,ZT6_cycle
322,112420_right_com4,60,ZT6,cycle,0.000793463,0.090454773,0.46052,0.17248,1.99E-05,1.76E-05,24.02,24.02,19.44,19.44,19.46,19.46,0.16,22.76,21.8,0.34,0.16,ZT6_cycle
323,112420_right_com5,61,ZT6,cycle,0.000793463,0.436756517,0.20353,0.084126,1.99E-05,1.76E-05,23.14,34,20.13,16.07,19.41,22.77,0.1,37.44,13.52,0.4,0.16,ZT6_cycle
324,112420_right_com6,62,ZT6,cycle,0.000793463,0.014282333,0.23237,0.27324,0.007710077,1.76E-05,23.96,34,22.05,2.26,22.01,3.2,0.02,11.98,3.21,0.43,0.11,ZT6_cycle
325,120220_left_com1,63,ZT6,cycle,0.000793463,0.176300385,0.29516,0.11391,1.99E-05,1.76E-05,23.1,23.1,23.44,23.44,22.56,22.56,0.09,26.39,19.58,0.67,0.08,ZT6_cycle
326,120220_left_com2,64,ZT6,cycle,0.000793463,0.610419956,0.49839,0.059089,1.99E-05,1.76E-05,22.82,22.82,23.61,23.61,22.45,22.45,0.15,23.16,23.03,0.28,0.15,ZT6_cycle
327,120220_left_com3,65,ZT6,cycle,0.031540151,0.032096855,0.12332,0.20358,0.089475055,1.76E-05,20,34,0.36,15.68,0.3,22.21,0.08,36.19,13.88,0.34,0.14,ZT6_cycle
328,120220_left_com4,66,ZT6,cycle,0.002299698,0.014282333,0.20901,0.26496,0.000983,1.76E-05,22.64,22.64,20.78,20.78,19.6,19.6,0.07,21.76,22.43,0.59,0.08,ZT6_cycle
329,120220_left_com5,67,ZT6,cycle,0.004966144,0.006461055,0.16834,0.40689,0.002538918,1.76E-05,25.18,25.18,18.57,18.57,19.48,19.48,0.03,12.56,0.19,0.35,0.1,ZT6_cycle
330,120220_left_com6,68,ZT6,cycle,0.000793463,0.025327336,0.19071,0.18599,1.99E-05,9.35E-05,23.54,23.54,22.87,22.87,22.43,22.43,0.03,23.45,23.06,0.84,0.03,ZT6_cycle
331,120820_left_com1,76,ZT6,constant,0.004966144,0.524901783,0.17341,0.071067,0.07866023,0.216217583,20.4,20.4,0.16,0.16,0.14,0.14,0.1,20.56,23.8,0.46,0.1,ZT6_constant
332,120820_left_com2,77,ZT6,constant,0.027596371,0.006461055,0.13439,0.35571,0.020124799,0.004176429,27.66,27.66,14.77,14.77,17.02,17.02,0.08,13.63,22.47,0.46,0.11,ZT6_constant
333,120820_left_com3,78,ZT6,constant,0.000793463,0.154155317,0.15916,0.1253,7.00E-05,2.78E-05,27.8,33.4,10.84,5.17,12.56,7.19,0.07,47.33,21.87,0.67,0.09,ZT6_constant
334,120820_left_com4,79,ZT6,constant,0.226534826,0.260869565,0.071072,0.11509,0.478532715,0.594553996,20.48,33.68,6.07,9.95,5.18,13.97,0.09,26.12,18.87,0.24,0.05,ZT6_constant
335,120820_left_com5,80,ZT6,constant,0.000793463,0.063510798,0.29891,0.17045,0.008831307,0.000101,26.2,26.2,23.51,23.51,25.66,25.66,0.1,26.48,23.08,0.58,0.1,ZT6_constant
336,120820_left_com6,81,ZT6,constant,0.000793463,0.176300385,0.20076,0.12538,0.01633317,0.000118,20.56,20.56,6.04,6.04,5.17,5.17,0.08,21.37,3.65,0.46,0.07,ZT6_constant
337,120820_right_com1,82,ZT6,constant,0.00871046,0.154155317,0.15705,0.13727,0.795885936,0.014574282,27.9,32.56,6.06,2.29,7.04,3.11,0.08,40.02,20.68,0.37,0.14,ZT6_constant
338,120820_right_com2,83,ZT6,constant,0.000793463,0.006461055,0.3676,0.29852,0.001624984,2.78E-05,27.34,27.34,6.37,6.37,7.26,7.26,0.13,29.22,3.75,0.39,0.13,ZT6_constant
339,120820_right_com3,84,ZT6,constant,0.000793463,0.059617918,0.31623,0.18918,0.102524365,2.78E-05,20.26,20.26,21.03,21.03,17.75,17.75,0.16,19.82,22.07,0.57,0.15,ZT6_constant
340,120820_right_com4,85,ZT6,constant,0.000793463,0.006461055,0.2427,0.25729,0.00019,0.009290558,24.56,24.56,23.96,23.96,24.52,24.52,0.08,20.87,10.3,0.5,0.08,ZT6_constant
341,120820_right_com5,86,ZT6,constant,0.062402343,0.269419054,0.10878,0.11205,0.380064381,0.013838323,24,33.66,11.7,3,11.7,4.21,0.04,55.73,18.53,0.3,0.13,ZT6_constant
342,120820_right_com6,87,ZT6,constant,0.415783585,0.483118594,0.050519,0.075538,0.079440382,4.86E-05,27.8,33.92,5.88,21.26,6.81,30.05,0.07,39.92,15.6,0.41,0.14,ZT6_constant
343,121820_right_com1,69,ZT6,cycle,0.000793463,0.038766331,0.13077,0.18952,0.337012185,0.003365966,27.86,27.86,5.58,5.58,6.48,6.48,0.04,69.51,0.21,0.57,0.07,ZT6_cycle
344,121820_right_com2,70,ZT6,cycle,0.000793463,0.55363453,0.4151,0.067226,1.99E-05,1.76E-05,20.88,20.88,23.76,23.76,20.67,20.67,0.18,22.04,21.9,0.4,0.18,ZT6_cycle
345,121820_right_com3,71,ZT6,cycle,0.000793463,0.025327336,0.39637,0.22831,1.99E-05,1.76E-05,23.48,23.48,23.37,23.37,22.86,22.86,0.1,20.87,5.05,0.32,0.13,ZT6_cycle
346,121820_right_com4,72,ZT6,cycle,0.002299698,0.473843847,0.16151,0.07839,0.004293477,0.000321,23.44,31.24,5.96,6.81,5.82,8.86,0.04,22.52,7.28,0.9,0.04,ZT6_cycle
347,121820_right_com5,73,ZT6,cycle,0.000793463,0.019245696,0.1947,0.22487,0.012924871,0.000534,20.64,20.64,7.85,7.85,6.75,6.75,0.04,23.36,5.95,0.74,0.05,ZT6_cycle
348,121820_right_com6,74,ZT6,cycle,0.000793463,0.006461055,0.36011,0.29222,0.000408,3.46E-05,24.56,24.56,1.5,1.5,1.53,1.53,0.07,22.24,5.51,0.5,0.09,ZT6_cycle
349,ZT0_constant_mean,50,ZT0,constant_mean,0.000793463,0.600790821,0.47024,0.06245,7.00E-05,2.78E-05,25.84,25.84,11.63,11.63,12.52,12.52,0.05,26.71,10.44,0.25,0.05,ZT0_constant_mean
350,ZT0_cycle_mean,25,ZT0,cycle_mean,0.000793463,0.387775677,0.84784,0.092598,1.99E-05,1.76E-05,23.6,23.6,19.29,19.29,18.97,18.97,0.09,23.55,19.38,0.12,0.09,ZT0_cycle_mean
351,ZT10_constant_mean,212,ZT10,constant_mean,0.530024314,0.522110268,0.041595,0.073649,0.609489387,0.116147845,28,34,3.39,22.6,3.96,32.01,0.01,46.15,13.85,0.24,0.03,ZT10_constant_mean
352,ZT10_cycle_mean,187,ZT10,cycle_mean,0.003603776,0.556792275,0.19455,0.067799,0.000167,0.004982672,22.6,22.6,17.75,17.75,16.71,16.71,0.05,23.32,16.49,0.37,0.04,ZT10_cycle_mean
353,ZT12_constant_mean,162,ZT12,constant_mean,0.000793463,0.253070094,0.31993,0.11505,7.00E-05,0.000965,22.96,22.96,11.72,11.72,11.21,11.21,0.04,24.65,9.09,0.36,0.04,ZT12_constant_mean
354,ZT12_cycle_mean,137,ZT12,cycle_mean,0.000793463,0.188726624,0.22418,0.12885,0.004535073,0.030782769,23.66,23.66,18.62,18.62,18.36,18.36,0.02,24.31,17.21,0.52,0.02,ZT12_cycle_mean
355,ZT2_constant_mean,312,ZT2,constant_mean,0.000793463,0.746251874,0.78832,0.04483,7.00E-05,2.78E-05,22.62,22.62,16.5,16.5,15.55,15.55,0.07,22.85,15.96,0.19,0.07,ZT2_constant_mean
356,ZT2_cycle_mean,287,ZT2,cycle_mean,0.000793463,0.84477352,0.74595,0.033321,1.99E-05,1.76E-05,23.48,23.48,18.71,18.71,18.3,18.3,0.11,23.43,18.79,0.18,0.11,ZT2_cycle_mean
357,ZT4_constant_mean,262,ZT4,constant_mean,0.000793463,0.625123082,0.50656,0.056863,7.00E-05,2.78E-05,23.64,23.64,14.17,14.17,13.96,13.96,0.04,24.61,11.85,0.36,0.04,ZT4_constant_mean
358,ZT4_cycle_mean,237,ZT4,cycle_mean,0.000793463,0.974246588,0.84028,0.018074,1.99E-05,1.76E-05,23.76,23.76,18.9,18.9,18.71,18.71,0.11,23.67,19.05,0.14,0.11,ZT4_cycle_mean
359,ZT6_constant_mean,100,ZT6,constant_mean,0.125160984,0.032096855,0.094553,0.22422,0.758514474,0.237711459,27.34,27.34,18.57,18.57,21.15,21.15,0,47.73,23.12,0.16,0.04,ZT6_constant_mean
360,ZT6_cycle_mean,75,ZT6,cycle_mean,0.000793463,0.006461055,0.59779,0.34929,1.99E-05,1.76E-05,24.3,24.3,20.16,20.16,20.41,20.41,0.07,23.42,21.42,0.27,0.08,ZT6_cycle_mean
361,ZT8_constant_mean,362,ZT8,constant_mean,0.000793463,0.993238757,0.67173,0.011971,7.00E-05,2.78E-05,21.74,21.74,15.53,15.53,14.07,14.07,0.06,21.87,15.22,0.18,0.06,ZT8_constant_mean
362,ZT8_cycle_mean,337,ZT8,cycle_mean,0.000793463,0.487699116,0.84857,0.076128,1.99E-05,1.76E-05,23.6,23.6,19.2,19.2,18.88,18.88,0.09,23.48,19.43,0.16,0.09,ZT8_cycle_mean
