,,6,7,8,9,10,11,12,13,14,15,16,17,18,19,20,21,22,23,24,25,26,27,28,29,30,31,32,33,34,35,36,37,38,39,40,41,42,43,44,45,46,47,48,49,50,51,52,53,54,55,56,57,58,59,60,61,62,63,64,65,66,67,68,69,70,71,72,73,74,75,76,77,78,79,80,81,82,83,84
Big_cycle,1003_cycle_com1,,,0.06910616,0.059592309,0.058188767,0.066222247,0.10064915,0.181030342,0.277219994,0.3283709,0.314610799,0.269003304,0.215110356,0.17061908,0.142781922,0.111136396,0.056161985,0.020109898,0.018253192,0.029204136,0.039819327,0.041048964,0.034113237,0.017881634,0.025605563,0.045593724,0.056441016,0.094757421,0.154571506,0.194895834,0.3152311,0.515937524,0.585016493,0.585021829,0.528814932,0.333973756,0.216853396,0.178896901,0.104546967,0.058038805,0.027391149,0.004653087,0.003048414,0.004574318,0.007001257,0.012806537,0.021397536,0.02224061,0.028150882,0.038658562,0.040547209,0.042974251,0.050265865,0.141114308,0.279486296,0.355002531,0.374052745,0.2755962,0.128026866,0.048204927,0.013988247,0.011599241,0.0166912,0.015850538,0.014453893,0.007049626,0.000379441,7.03E-06,3.89E-05,0.00048517,0.000906683,0.000899658,0.000867829,0.000421513,0.003210016,0.006821284,,,
Big_cycle,1003_cycle_com2,,,0.373410461,0.347611197,0.338803872,0.2633139,0.168119679,0.114245921,0.111720189,0.216580334,0.416978861,0.555110171,0.529817316,0.446523659,0.282594789,0.148796619,0.118378518,0.070104763,0.041808942,0.047575244,0.052759937,0.053716254,0.043107201,0.02689786,0.019591733,0.018868074,0.017906815,0.018201075,0.012409364,0.003499704,0.000635422,0.034908027,0.180994533,0.36533411,0.475041179,0.501177102,0.380095156,0.201812429,0.116113838,0.078797936,0.059310339,0.059504215,0.044061433,0.026816749,0.031079614,0.044159948,0.05044218,0.05460176,0.051958994,0.036398638,0.024376241,0.015706583,0.010521681,0.007383388,0.018089861,0.086718608,0.188970795,0.281732148,0.367096391,0.380857733,0.32915485,0.259692018,0.168488911,0.093741933,0.049120488,0.037654144,0.038972669,0.054418071,0.070031343,0.057836265,0.04889274,0.024771639,0.014776697,0.0375748,0.049867557,0.057948555,,,
Big_cycle,1003_cycle_com3,,,0.142614279,0.140087423,0.136757539,0.116257359,0.094862201,0.082468926,0.160037667,0.297503666,0.477164248,0.632511651,0.622693548,0.522086216,0.399770512,0.288781945,0.196489213,0.150638855,0.091006372,0.035505935,0.044585819,0.057468462,0.064810039,0.06110195,0.051848157,0.030421156,0.010743384,0.006007823,0.003781553,0.012815306,0.057021945,0.161457972,0.266474558,0.319360923,0.341483103,0.306443515,0.252077327,0.21028607,0.161521208,0.15834977,0.212697143,0.319324744,0.387854467,0.351638013,0.288830064,0.206958017,0.17049221,0.22473553,0.276965346,0.280384423,0.309323206,0.359600578,0.33344524,0.297696133,0.229553334,0.127796051,0.091131268,0.076805011,0.066930097,0.044155757,0.029005021,0.040234657,0.056849778,0.075173905,0.077990099,0.101443379,0.123403576,0.117120564,0.140845144,0.144623369,0.120352819,0.132336692,0.114535798,0.079135391,0.068369814,0.044177347,,,
Big_cycle,1003_cycle_com4,,,0.131036596,0.126638741,0.161057049,0.215562587,0.226703638,0.19514477,0.113649006,0.027493087,0.005239414,0.012052702,0.018042809,0.020931105,0.017523467,0.011267738,0.005396519,0.001783213,0.000681698,0.000341687,0.000476556,0.002052312,0.006849761,0.010904881,0.016851855,0.03246942,0.049305993,0.068331147,0.132516223,0.25673491,0.418841702,0.549862644,0.65977314,0.742196953,0.735536179,0.70739061,0.613804118,0.445831372,0.285945022,0.159872778,0.073234879,0.017593427,0.000589358,0.000524805,0.005461835,0.030945417,0.079329792,0.116652728,0.122527636,0.099174765,0.054362611,0.024507975,0.024051419,0.030069177,0.041973077,0.04807076,0.038305983,0.030953522,0.016609046,0.003440059,0.003083839,0.002310159,0.000988893,0.000550248,0.000243949,0,0,0,0.000370646,0.009222831,0.034079741,0.054406945,0.061114717,0.058287804,0.036795849,0.021534397,,,
Big_cycle,1003_cycle_com5,,,0.067323052,0.064170698,0.07305121,0.075982094,0.063836591,0.081493644,0.155564228,0.273673147,0.434174229,0.527256036,0.507440706,0.44743805,0.313254379,0.192927919,0.116597451,0.046505499,0.023413112,0.021283281,0.023461969,0.030986419,0.038183692,0.059130894,0.070572712,0.055127359,0.042544121,0.01971622,0.001039152,0.003755551,0.020040181,0.056554475,0.102496447,0.131806317,0.12836961,0.098973518,0.062392972,0.03584389,0.024448187,0.019445814,0.010846426,0.005367333,0.004108778,0.002693759,0.002706105,0.002752903,0.005601336,0.012108502,0.015951004,0.016051734,0.040754799,0.061408116,0.057048631,0.061946077,0.164445115,0.261293954,0.260771042,0.256441143,0.129435535,0.009753287,0.01431692,0.016101542,0.0139917,0.008581519,0.003952646,0.001319163,0.000305948,0.000554671,0.00082188,0.000850927,0.001433073,0.002327248,0.002449588,0.002374764,0.002016532,0.001425529,,,
Big_cycle,1003_cycle_com6,,,0.14425405,0.146270941,0.151589778,0.133181159,0.100646723,0.062201712,0.022815866,0.011864903,0.029319739,0.056236923,0.101410616,0.152437275,0.172177087,0.17660884,0.180400717,0.16600468,0.152206758,0.139865962,0.103627754,0.09316636,0.128537302,0.205662825,0.321313937,0.472355057,0.652195751,0.800626044,0.794108949,0.663575083,0.483801958,0.261259322,0.18006745,0.161264232,0.107940806,0.120638462,0.145595342,0.165903327,0.185634077,0.155904972,0.091274871,0.067012825,0.070254463,0.072141169,0.088003003,0.072880184,0.056034332,0.095126695,0.118873836,0.11128025,0.112941659,0.080095987,0.056292248,0.070204988,0.066756451,0.08275589,0.109527238,0.122100766,0.148300972,0.145556094,0.110764033,0.08519448,0.055168731,0.037032924,0.036299662,0.044610309,0.053425934,0.0625641,0.075518831,0.071283366,0.06188445,0.054776521,0.039446155,0.028004007,0.022472958,0.016265576,,,
Big_cycle,912_cycle_com2,,,,,,0.340700441,0.343163417,0.284446028,0.219376075,0.100912602,0.023543933,0.023880739,0.016736623,0.044398157,0.078587383,0.088589539,0.099569684,0.066139385,0.030074191,0.021126014,0.027904508,0.167088216,0.305488336,0.325924071,0.323102917,0.207926465,0.108542501,0.15037354,0.185965012,0.166066522,0.130561188,0.070367864,0.020955137,0.027524427,0.056379313,0.091373816,0.113067678,0.1058003,0.072796114,0.03056576,0.008984517,0.009525592,0.010792025,0.010407856,0.007654115,0.003078222,0.001474078,0.004357109,0.032349591,0.060866104,0.072835625,0.07875097,0.078144609,0.109509264,0.202165038,0.289585611,0.305686942,0.286979617,0.214937418,0.161577297,0.166251813,0.14105027,0.12493104,0.103175024,0.059111982,0.042569648,0.025412453,0.004212001,8.48E-05,0.000155635,0.000263973,0.001125744,0.001808308,0.020726105,0.109281789,0.191748651,,,
Big_cycle,912_cycle_com3,,,,,,0.598085949,0.572748522,0.515609792,0.349820654,0.167271772,0.05667934,0.011078859,0.023851049,0.05724763,0.092225467,0.114440753,0.118984927,0.084983724,0.049890957,0.025698593,0.0089063,0.007464931,0.010943412,0.010601925,0.007574781,0.007815624,0.005058913,0.00213184,0.001696467,0.001498543,0.001359591,0.003683951,0.007457966,0.008236533,0.007919335,0.005560953,0.001786938,0.003946315,0.008083442,0.008805493,0.008912774,0.005499295,0.011831862,0.021685189,0.02163191,0.022335661,0.023642999,0.04136719,0.058487072,0.057676039,0.049970003,0.031371573,0.020635596,0.061179247,0.164521708,0.242175076,0.273960391,0.267955513,0.212326367,0.169310815,0.139690919,0.129388195,0.105837604,0.066214109,0.057849647,0.033861523,0.006697822,0.004931881,0.006714761,0.026780187,0.055990125,0.063394482,0.062688623,0.045149668,0.017762078,0.010886407,,,
Big_cycle,912_cycle_com4,,,,,,0.095080201,0.084223459,0.072895343,0.058546365,0.043610822,0.041465196,0.061255807,0.072363124,0.074975812,0.076453057,0.065800409,0.05910387,0.056069511,0.061374995,0.054975817,0.037240426,0.026582993,0.017324477,0.027728759,0.073600799,0.10738748,0.137844406,0.275452156,0.435122613,0.506964953,0.542166828,0.462911373,0.299394444,0.22136405,0.203786168,0.17621515,0.172115287,0.187517982,0.17206146,0.155395615,0.131611241,0.089354914,0.055010674,0.0415363,0.046563441,0.052803092,0.088803283,0.119654943,0.127376032,0.133007852,0.109610029,0.083363108,0.072076278,0.063906026,0.090356442,0.204506079,0.375854491,0.559099464,0.670524369,0.606558003,0.487140083,0.351022083,0.229118352,0.228502617,0.212429517,0.170776375,0.156656661,0.111945267,0.100282989,0.114854495,0.127799677,0.206796037,0.313645527,0.439272895,0.599482852,0.675673287,,,
Big_cycle,912_cycle_com5,,,,,,0.096617682,0.097114753,0.099744982,0.110042879,0.103717579,0.096605893,0.077211643,0.04748775,0.037064746,0.031020281,0.027393581,0.029044442,0.024801123,0.016396141,0.012938197,0.014637053,0.016718055,0.017059852,0.01576355,0.012090254,0.006184041,0.003765298,0.004203828,0.026632926,0.128821319,0.331589553,0.50829626,0.618706048,0.667400486,0.572683523,0.481296579,0.418064008,0.312786797,0.255660298,0.201834221,0.148955122,0.14523048,0.127335179,0.111332206,0.11659305,0.089306947,0.058209465,0.042702732,0.022899689,0.02315259,0.105792158,0.239346306,0.311499185,0.340004377,0.285287811,0.152465145,0.080111312,0.038437936,0.009469105,0.010766038,0.010525074,0.012771126,0.013218018,0.00985344,0.007693633,0.004836473,0.003109742,0.003509272,0.004474573,0.00531641,0.008160755,0.011552019,0.027750202,0.067717734,0.13247306,0.1881696,,,
Big_cycle,912_cycle_com6,,,,,,0.128866297,0.121766477,0.107657903,0.09524427,0.094915541,0.084890011,0.074013635,0.051177141,0.019155339,0.010713491,0.011861953,0.009685533,0.005916359,0.004711478,0.004639812,0.012040028,0.024564327,0.030895446,0.032663344,0.041548061,0.050782778,0.050095575,0.048270316,0.0314403,0.009056799,0.004916121,0.046893038,0.134019932,0.27013863,0.480905508,0.60196484,0.557211241,0.426652489,0.247905739,0.150754443,0.145247113,0.174958277,0.213062219,0.200609568,0.179169267,0.147373702,0.076537777,0.021900085,0.00706204,0.00448397,0.005988698,0.018345329,0.041412401,0.055821589,0.061443739,0.132273994,0.227334667,0.343167865,0.448549922,0.419823779,0.339910129,0.225633453,0.116793733,0.068297354,0.037234434,0.028041589,0.027475836,0.024823062,0.020093743,0.013962058,0.009942651,0.008107775,0.024728742,0.06079994,0.086014479,0.103663548,,,
Big_cycle,919_cycle_com1,,,0.128548102,0.115307761,0.105480783,0.073213739,0.040259351,0.056280727,0.099815018,0.129510503,0.130694043,0.102962529,0.047339332,0.011914586,0.005765005,0.005119088,0.01122769,0.018818351,0.038581326,0.065921411,0.088280274,0.118201824,0.125684523,0.120331752,0.112822405,0.078235118,0.070614452,0.086816048,0.093655952,0.113190667,0.138575426,0.158237263,0.173452301,0.164433854,0.122039592,0.071691474,0.04773294,0.055248039,0.068321042,0.07157823,0.068874403,0.060711468,0.049085835,0.048307825,0.053213104,0.083505443,0.128898201,0.173349504,0.205872647,0.198901344,0.182500417,0.204459571,0.258906038,0.313034407,0.382468116,0.455174621,0.471787069,0.452014686,0.434846421,0.385950747,0.432845261,0.474899431,0.455104683,0.429297029,0.290467895,0.204952595,0.147238815,0.077536547,0.059539312,0.065016327,0.108330139,0.139097019,0.202576944,0.34146807,0.514117429,0.665919881,,,
Big_cycle,919_cycle_com2,,,0.036283912,0.036421138,0.031353714,0.036247831,0.055182497,0.10271109,0.217467108,0.356391823,0.434007178,0.421584216,0.326254768,0.191346455,0.103790172,0.097921342,0.109267583,0.110124366,0.09928154,0.066174632,0.035437948,0.019156195,0.022168782,0.039047041,0.072382717,0.144693186,0.236342111,0.303424593,0.401765784,0.494245465,0.520855888,0.584565312,0.581704083,0.565086062,0.612762148,0.607645517,0.662259798,0.687655641,0.589372839,0.466830802,0.290267766,0.136226501,0.079602748,0.10293552,0.138492343,0.135120311,0.137649255,0.120434936,0.164793522,0.268815716,0.312331959,0.335892644,0.333621544,0.332775857,0.386575765,0.431235437,0.436303696,0.417560379,0.420369865,0.425599641,0.400953495,0.349890595,0.250769636,0.16072354,0.212715235,0.396994132,0.525079827,0.629123599,0.623528184,0.423998099,0.279932307,0.162208262,0.057126437,0.060795144,0.117363262,0.167720153,,,
Big_cycle,919_cycle_com3,,,0.223617004,0.244167948,0.248465811,0.234415199,0.208200749,0.161604192,0.182676577,0.253775971,0.302744786,0.324201516,0.268680697,0.183401894,0.132557099,0.093614849,0.068828061,0.060970368,0.060883303,0.060807354,0.062679216,0.08323832,0.083743851,0.072361656,0.087497266,0.088961857,0.098745144,0.125659163,0.130116518,0.14286773,0.266022967,0.399511763,0.436171856,0.429654802,0.311822238,0.178417731,0.130357807,0.110547502,0.127432767,0.147237194,0.182277465,0.214763344,0.187466775,0.165184604,0.147323066,0.164464962,0.197391663,0.194571775,0.218241528,0.203824432,0.171733323,0.188215926,0.174497532,0.159423106,0.168867793,0.163557691,0.167695897,0.159961933,0.160234959,0.163969212,0.13405282,0.113210653,0.088273039,0.064234188,0.068000949,0.08018005,0.081139891,0.072405488,0.052259077,0.028826313,0.017041474,0.02438383,0.051132444,0.09535026,0.180336537,0.246551841,,,
Big_cycle,919_cycle_com4,,,0.059879304,0.059719455,0.059545365,0.050295436,0.038424378,0.04091803,0.087379548,0.141252938,0.193820145,0.240090718,0.211061423,0.200884729,0.204428871,0.175046442,0.188337314,0.187910214,0.165163886,0.151497842,0.125503873,0.117162262,0.137447518,0.157045533,0.177169483,0.226337292,0.32688911,0.47334844,0.586075968,0.585607377,0.508716951,0.473171787,0.540552483,0.693185064,0.78880162,0.813190192,0.808642437,0.685623545,0.532637435,0.397288258,0.308002823,0.327821472,0.431090163,0.493538694,0.427284508,0.350220386,0.297942624,0.304476974,0.392493302,0.534667331,0.661451508,0.701370135,0.69182858,0.653835788,0.633793131,0.648211168,0.619396187,0.502039503,0.349722254,0.197373159,0.11134189,0.082899378,0.066729543,0.109592205,0.171241751,0.210617573,0.219128544,0.239405187,0.246334202,0.210503967,0.191473716,0.120639418,0.041537649,0.07717513,0.167524374,0.227447587,,,
Big_cycle,919_cycle_com5,,,0.013398309,0.011467977,0.012936388,0.021657741,0.059177155,0.139345549,0.238084558,0.303486517,0.312779156,0.303624093,0.286126326,0.372919171,0.510436408,0.535727384,0.49187021,0.33527115,0.156507016,0.073035234,0.076496678,0.134267957,0.175414,0.217562216,0.252178785,0.254394831,0.2663967,0.272503122,0.269003146,0.291860005,0.325623188,0.392400196,0.47857272,0.549301238,0.583643906,0.592220384,0.548173568,0.463418952,0.440652995,0.416838869,0.357551977,0.328273022,0.308600847,0.268271265,0.262244647,0.2562175,0.199600087,0.240286861,0.32832893,0.384486319,0.47733936,0.483934335,0.457440103,0.473605966,0.433008454,0.434602154,0.432014128,0.396390565,0.395262642,0.348582076,0.312203141,0.280807412,0.237932351,0.193701159,0.127434562,0.087558818,0.058057118,0.040122631,0.076099553,0.139705159,0.189518658,0.206648849,0.186704546,0.15549726,0.165788759,0.206150948,,,
Big_cycle,919_cycle_com6,,,0.171844387,0.189542961,0.218069349,0.225956372,0.239948289,0.269575285,0.264373892,0.2922047,0.381782036,0.430356208,0.476060066,0.520138428,0.5116876,0.477700402,0.400870543,0.32872413,0.247550468,0.14177891,0.094202348,0.05372648,0.025197008,0.035946487,0.049821273,0.075066987,0.112012783,0.19823439,0.297935127,0.364255234,0.448936711,0.557083665,0.61457866,0.573953851,0.45093037,0.266109852,0.13854175,0.121807491,0.162929452,0.214069563,0.206965881,0.17509891,0.125913768,0.048779345,0.013300874,0.011888921,0.008035323,0.012869357,0.020083836,0.028470227,0.049729591,0.078321419,0.104083485,0.129733055,0.178844265,0.225329216,0.234173924,0.223484039,0.195013851,0.1559972,0.1530907,0.159893685,0.1419636,0.160577003,0.172333299,0.182896961,0.239486474,0.281424228,0.289022395,0.261152722,0.214609395,0.141028669,0.102632549,0.107185155,0.096114411,0.099110055,,,
Big_cycle_mean,Big_cycle_mean,,,0.139613389,0.135657187,0.143805897,0.149555907,0.148142006,0.150297113,0.162578464,0.184855105,0.219794059,0.242495926,0.224803156,0.20432249,0.181515705,0.154278541,0.13295378,0.102051505,0.073987375,0.056021768,0.049885883,0.061565313,0.074527555,0.084503316,0.100916041,0.11191885,0.132084945,0.173415127,0.209284503,0.231747706,0.26558216,0.308064849,0.345905191,0.380897845,0.38287409,0.350251968,0.309927751,0.258798767,0.209180169,0.170094619,0.137200347,0.125936407,0.124100531,0.115939836,0.108032483,0.099224597,0.094204831,0.105966899,0.12896564,0.145900017,0.163622847,0.17809793,0.180927673,0.19419075,0.222802141,0.25533847,0.275710458,0.275924723,0.256920946,0.216322108,0.187548132,0.160976375,0.126050048,0.107358749,0.094033743,0.096197786,0.100351221,0.101417858,0.103885897,0.092621958,0.08650661,0.079676518,0.076795456,0.098643273,0.139352456,0.172424391,,,
Big_constant,1101_consleft_com1,,,0.244795743,0.259888229,0.263544369,0.276054956,0.33685456,0.363963594,0.377991127,0.395611748,0.387264692,0.40284069,0.423934071,0.474040145,0.526260233,0.535903861,0.565577596,0.548839173,0.481800195,0.435184592,0.394446928,0.377147242,0.395151458,0.430285419,0.454608154,0.466168378,0.434944804,0.40031891,0.431581847,0.46220947,0.524501896,0.634427417,0.695389123,0.707836955,0.70014306,0.622239128,0.488268796,0.434430791,0.407997627,0.397118946,0.488477965,0.608894225,0.676178749,0.689978185,0.627403645,0.469210965,0.378790036,0.441443912,0.53830731,0.58137391,0.557391881,0.432108232,0.322276247,0.315061069,0.32462571,0.326035968,0.275276465,0.242418024,0.273199219,0.304408511,0.331109233,0.328420095,0.313783732,0.368034076,0.484692244,0.581920079,0.595575845,0.550827635,0.488753268,0.412775177,0.385433231,0.330988619,0.269616386,0.267710884,0.313998728,0.38478081,,,
Big_constant,1101_consleft_com2,,,0.213087753,0.20432782,0.233883681,0.256918409,0.298369081,0.341433663,0.343550465,0.374775761,0.417695038,0.472215178,0.545717175,0.609892439,0.657858915,0.701009203,0.700196875,0.693148902,0.722043236,0.654162066,0.545816329,0.479384641,0.415252716,0.430270692,0.496245725,0.502979377,0.478679138,0.432784608,0.410207415,0.439354967,0.439357902,0.47662081,0.5905965,0.688218295,0.757735917,0.762935106,0.650362327,0.493143714,0.420473069,0.420173966,0.418423413,0.428551024,0.412565369,0.37510056,0.363570311,0.407670781,0.492266609,0.559213769,0.618184557,0.608580331,0.577539003,0.564339925,0.524885798,0.506809784,0.457856883,0.428740822,0.44391006,0.459906702,0.476051819,0.450260791,0.442562447,0.421501819,0.402516988,0.389823444,0.333540019,0.361757702,0.406635178,0.410879856,0.454525034,0.416077428,0.336897812,0.314519477,0.28322507,0.253717698,0.308303453,0.377841165,,,
Big_constant,1101_consleft_com3,,,0.127014758,0.121859093,0.115483043,0.137796433,0.173420266,0.213019017,0.295932643,0.40555198,0.542279822,0.669662345,0.700818456,0.689179029,0.711465657,0.731987517,0.766251717,0.787066778,0.704368908,0.616553479,0.556113145,0.465310704,0.407344744,0.389401738,0.356953526,0.334096991,0.329595705,0.311684738,0.326945533,0.369223269,0.375472037,0.349757657,0.370774967,0.409794038,0.455780115,0.518423538,0.465279622,0.369299524,0.298186302,0.220553007,0.206865574,0.293100372,0.399341604,0.441112866,0.461867573,0.399861182,0.305938967,0.290338494,0.293617793,0.334306133,0.336875416,0.284463831,0.2267902,0.140920765,0.180016328,0.262656579,0.27849278,0.342617396,0.309357332,0.287544113,0.344935882,0.316254626,0.328284764,0.365261648,0.37487763,0.367005057,0.317550545,0.264574008,0.217576419,0.200561637,0.207410486,0.190485064,0.163829829,0.15904092,0.153383086,0.14279831,,,
Big_constant,1101_consleft_com4,,,0.023190803,0.02249869,0.020092699,0.022737404,0.038757499,0.06178628,0.088387535,0.113876432,0.126177867,0.169549752,0.207594391,0.196987893,0.212699506,0.214825643,0.20726725,0.227486399,0.223778127,0.194879107,0.148221906,0.108705913,0.08175112,0.072543075,0.085141593,0.094559833,0.092272568,0.084171211,0.073851739,0.06961627,0.086668159,0.098385551,0.113792013,0.132806482,0.113244562,0.098072156,0.089085955,0.071234179,0.06013442,0.038151853,0.0271976,0.047901738,0.065034797,0.063848466,0.053765935,0.023840281,0.004179293,0.007835112,0.015604308,0.026593608,0.034880874,0.056288938,0.072548264,0.189273757,0.321042583,0.320109697,0.310254022,0.199377939,0.079399457,0.076590957,0.078292477,0.074715072,0.064202099,0.050092142,0.042547067,0.034446465,0.027898208,0.031227883,0.030518165,0.028721997,0.042042407,0.062633464,0.071513153,0.077975479,0.070151032,0.047541608,,,
Big_constant,1101_consleft_com5,,,0.10302878,0.104478163,0.111991339,0.119810639,0.145217164,0.166122896,0.226393707,0.293312525,0.359290762,0.417033496,0.4041758,0.374700387,0.37834978,0.410987874,0.397791748,0.361161833,0.292302976,0.189917097,0.141609111,0.118205158,0.117087322,0.173587291,0.233369524,0.308732595,0.40035506,0.443989008,0.475508553,0.502274668,0.459635793,0.396218649,0.376042184,0.323137946,0.292319281,0.291859742,0.257857478,0.282665659,0.296838083,0.244701192,0.189343888,0.112156277,0.051362475,0.037729424,0.043416567,0.073360656,0.141847233,0.211685034,0.285633518,0.39749937,0.494223161,0.567020914,0.667287636,0.755294627,0.747856444,0.683018486,0.575205806,0.415548915,0.294951399,0.223416663,0.152258974,0.102854504,0.140595296,0.242124059,0.349310916,0.417895119,0.48523536,0.544748618,0.600404295,0.706611604,0.713936672,0.693714265,0.713418479,0.660470196,0.578433777,0.519565321,,,
Big_constant,1101_consleft_com6,,,0.003497819,0.003346204,0.002968581,0.002830969,0.00314426,0.004494678,0.026290236,0.052390005,0.089409054,0.14947333,0.203356552,0.347817505,0.447032959,0.400904453,0.342357475,0.190783591,0.060943413,0.048754391,0.035160823,0.046961994,0.075597799,0.09005152,0.099648228,0.074512503,0.049839488,0.053658921,0.057581969,0.062447986,0.076124277,0.116717486,0.231794583,0.367092863,0.474967888,0.538123469,0.462619413,0.338772152,0.237034351,0.139705263,0.13826436,0.202987684,0.231015772,0.222505469,0.174562783,0.090550248,0.034444754,0.02364102,0.115285813,0.307156342,0.431008044,0.48061327,0.453404466,0.337195508,0.279370812,0.278798437,0.255156395,0.204079862,0.173382712,0.149871321,0.109094352,0.090199651,0.061182118,0.031214384,0.058980628,0.081725902,0.073305209,0.069704282,0.034743778,0.003274593,0.014487971,0.033115254,0.070948068,0.224578586,0.443755685,0.588142011,,,
Big_constant,021720_consleft_com1,,,,,0.039075465,0.035214395,0.040060068,0.075965598,0.139521086,0.211583241,0.252593228,0.249483762,0.226291915,0.198753231,0.199527685,0.197836062,0.18652801,0.210162083,0.209950232,0.203063694,0.204194205,0.166394506,0.148236064,0.160061463,0.155414772,0.143644915,0.133960173,0.106005541,0.081326898,0.068479392,0.056000369,0.07874525,0.119970362,0.14891161,0.187082046,0.207393648,0.203169541,0.219055016,0.224212481,0.220238588,0.259279769,0.299049215,0.279870508,0.24699756,0.313302711,0.411855695,0.454167187,0.482495921,0.387727375,0.21503859,0.137595092,0.096399682,0.056304827,0.067391029,0.087121075,0.085946224,0.094678537,0.127674214,0.173460143,0.216899044,0.237867538,0.24810076,0.24447028,0.245723967,0.290094382,0.308934013,0.297023863,0.282906583,0.247950587,0.204878952,0.187276431,0.159196397,0.11765578,0.080195062,0.086042832,0.123357312,,,
Big_constant,021720_consleft_com2,,,,,0.280367089,0.294734377,0.273860056,0.231507873,0.146887223,0.063185323,0.021333834,0.005270838,0.003771244,0.007988151,0.033539364,0.064894807,0.111786328,0.193783596,0.280931099,0.342895393,0.350486147,0.336445815,0.291311746,0.282137267,0.312018967,0.27409034,0.262169621,0.318576233,0.354228887,0.38886641,0.423617244,0.41641104,0.511632302,0.631630369,0.671548466,0.649726931,0.545974674,0.476500601,0.456461219,0.460827948,0.486851347,0.465322105,0.382787073,0.286553322,0.192064373,0.175923234,0.254742918,0.353404446,0.489164162,0.62844499,0.667456993,0.624412312,0.482937118,0.264832009,0.126751567,0.064894902,0.056182573,0.142370384,0.23158299,0.279195395,0.350842307,0.358752346,0.291093406,0.230516139,0.139449789,0.055547986,0.031310364,0.037668569,0.050209693,0.06673149,0.095529425,0.111133783,0.091281172,0.075152714,0.073725927,0.077863881,,,
Big_constant,021720_consleft_com3,,,,,0.473461707,0.454885534,0.486157691,0.58745189,0.66688181,0.70344149,0.69103433,0.576374538,0.4897257,0.418810318,0.318098378,0.288999002,0.280414718,0.263114477,0.266972191,0.225683313,0.18332113,0.160181132,0.126568879,0.103802853,0.086112913,0.074434264,0.060984138,0.046733848,0.033728035,0.043008197,0.063829584,0.080179325,0.098857281,0.099006396,0.101349872,0.102544974,0.093306122,0.082626272,0.077321818,0.08675774,0.094021941,0.092847159,0.068223927,0.036898259,0.019001897,0.013960631,0.022894444,0.029632824,0.034290627,0.048216659,0.056032233,0.055336454,0.052136126,0.041066244,0.040032332,0.044631071,0.044308885,0.044280684,0.049785258,0.063797397,0.070156217,0.063953348,0.042050808,0.014785445,0.007364631,0.018347164,0.052708879,0.114287159,0.188391596,0.243567443,0.267133183,0.271689061,0.244545167,0.201471007,0.167204228,0.138454774,,,
Big_constant,021720_consleft_com4,,,,,0.043534083,0.041627875,0.041579219,0.067035608,0.113555526,0.131188394,0.133732939,0.144177419,0.142663403,0.16157752,0.204571541,0.203320066,0.186938998,0.172542463,0.145938637,0.118018835,0.102007131,0.100953004,0.101707691,0.127226483,0.166820307,0.189537095,0.201241614,0.202192424,0.1807957,0.154257904,0.153968833,0.154542455,0.15616958,0.162784415,0.151803934,0.1642627,0.170980369,0.159251416,0.145436566,0.104826927,0.102428755,0.156843878,0.198986157,0.205936153,0.210325176,0.204687744,0.207187854,0.24155171,0.255092736,0.2524419,0.261038887,0.319787421,0.37971703,0.390350016,0.477081075,0.596841769,0.70444255,0.813311971,0.790372779,0.64616898,0.498258415,0.433976804,0.38190541,0.351077367,0.371480049,0.314558746,0.247280707,0.209462531,0.154441639,0.118009734,0.125843597,0.122571571,0.090386087,0.074383769,0.07156572,0.077618983,,,
Big_constant,021720_consleft_com5,,,,,0.04615792,0.047633553,0.051687023,0.049477096,0.046500393,0.034191343,0.017781064,0.023572363,0.059622994,0.105959138,0.14467444,0.174283278,0.179070978,0.163902035,0.163965693,0.176854024,0.189785519,0.197709433,0.178346983,0.134581316,0.108642877,0.096149275,0.097123036,0.11043562,0.093784316,0.07635442,0.06519699,0.041892766,0.025044718,0.014388802,0.005016172,0.000580903,0.000438611,0.008359657,0.033175001,0.091127893,0.171705726,0.239415399,0.27064539,0.30339614,0.41871507,0.512817433,0.53027565,0.494028304,0.360440317,0.255701334,0.236693479,0.231892821,0.214684376,0.197069435,0.192781077,0.180404811,0.150302822,0.120663754,0.08899661,0.061437312,0.080350988,0.125311865,0.177444509,0.22983649,0.23303246,0.187330075,0.143496909,0.113575406,0.116702228,0.135029765,0.135683295,0.143582231,0.144650769,0.145937419,0.154033272,0.152941177,,,
Big_constant,021720_consleft_com6,,,,,0.313750298,0.297751806,0.255152961,0.231889623,0.181763063,0.15896265,0.214688687,0.24929183,0.253987966,0.27511047,0.246189574,0.186988319,0.17028279,0.213589417,0.302670328,0.350891922,0.438336963,0.56056501,0.570126654,0.551042226,0.513492236,0.460225078,0.465434645,0.514720205,0.581029479,0.593890261,0.592835116,0.601066366,0.563104983,0.565017041,0.600216681,0.579650153,0.547297268,0.435372785,0.326916317,0.302948203,0.281671099,0.285449408,0.263175244,0.22583367,0.190966663,0.139440996,0.104086194,0.110037914,0.127526726,0.156922898,0.206058645,0.213845576,0.261812118,0.29608947,0.259199579,0.259304162,0.230239958,0.188616437,0.170068859,0.176982465,0.18554024,0.180453674,0.19566592,0.173608702,0.134126368,0.109335543,0.098893439,0.101486883,0.132619947,0.242156955,0.375454157,0.461293758,0.503104885,0.454186778,0.375520526,0.347892949,,,
Big_constant,021720_consright_com1,,,,,0.101945115,0.102378416,0.090733357,0.067087576,0.043201172,0.026615672,0.018676158,0.018219056,0.013214892,0.008992662,0.02638306,0.053357946,0.176477191,0.362034294,0.54219329,0.660516963,0.566165724,0.417190563,0.271613782,0.160484339,0.175287083,0.183194907,0.182861583,0.241881878,0.254296584,0.222118145,0.202588458,0.147329698,0.115095151,0.111836269,0.093196351,0.08932487,0.103375203,0.119208888,0.126500735,0.119200301,0.210109071,0.312618227,0.321892378,0.378417212,0.321661344,0.218885785,0.232217186,0.206245855,0.175639,0.161836443,0.144545414,0.120285699,0.089209121,0.091999622,0.090515025,0.075899597,0.091856033,0.09903285,0.092164914,0.140798706,0.19684992,0.236425442,0.26433862,0.21829099,0.145298346,0.106451314,0.094177044,0.10309226,0.115176518,0.099198128,0.084352013,0.078910344,0.072748516,0.085012018,0.085922189,0.081682867,,,
Big_constant,021720_consright_com2,,,,,0.08189272,0.09484545,0.088819788,0.078934815,0.064694858,0.052954059,0.067474614,0.095775741,0.13018647,0.152297014,0.174265153,0.215309,0.255225709,0.280346451,0.266566158,0.237762118,0.19593086,0.165977893,0.166516216,0.144599725,0.108365315,0.13491173,0.187356813,0.195911457,0.223363063,0.207214033,0.151986576,0.158374699,0.168999879,0.154349079,0.183717421,0.22319348,0.224652,0.225102302,0.195142634,0.167938141,0.188861596,0.200629106,0.184565532,0.143929444,0.091373379,0.076358659,0.108147347,0.137841074,0.16302327,0.174482769,0.137978091,0.10480951,0.068270832,0.035237542,0.03238968,0.029568292,0.026430639,0.061917925,0.148953149,0.31207663,0.523980828,0.615650859,0.68380627,0.678929284,0.529274796,0.442050827,0.306221459,0.166292452,0.12505705,0.083205257,0.058715728,0.044325476,0.03661769,0.043717919,0.044913867,0.047280649,,,
Big_constant,021720_consright_com4,,,,,0.001788449,0.002030518,0.002071129,0.002998018,0.006767019,0.01378101,0.02330082,0.031886087,0.034408422,0.031364201,0.030580387,0.032179195,0.034001763,0.03442086,0.028914262,0.020217939,0.013851239,0.010585651,0.00849278,0.008983457,0.023389286,0.039187269,0.047390509,0.059236306,0.115030434,0.286273016,0.421111087,0.425918704,0.35536571,0.168044573,0.023587208,0.005823811,0.008067767,0.013846612,0.023375355,0.033302927,0.037963025,0.059710372,0.080384732,0.073462381,0.071837178,0.048203488,0.019685074,0.016200815,0.013671178,0.018467495,0.024162119,0.024625417,0.023184285,0.015728915,0.010889078,0.01156138,0.010606599,0.010437247,0.009624202,0.008522383,0.008931774,0.008141315,0.007026906,0.006246779,0.005026824,0.004725535,0.00578423,0.006233354,0.005712692,0.004515718,0.003229971,0.005094774,0.007321135,0.008229217,0.009759761,0.009145841,,,
Big_constant,021720_consright_com5,,,,,0.10352052,0.104644182,0.100868057,0.077712119,0.073803083,0.071357871,0.058421315,0.078456341,0.139141511,0.178104795,0.227261081,0.303704102,0.390316453,0.49178847,0.499166499,0.434958019,0.393480319,0.421583151,0.444104607,0.509850637,0.527131133,0.408854542,0.35303218,0.28320218,0.199492963,0.190343401,0.21215715,0.218790083,0.187221979,0.161581759,0.148654012,0.17240817,0.235040304,0.335612587,0.412964806,0.476051939,0.6101128,0.608175861,0.562725978,0.566822599,0.426794131,0.359754801,0.432487944,0.417235937,0.408920006,0.455015837,0.441105065,0.413994591,0.408120172,0.420589671,0.428916251,0.460522518,0.458936137,0.362256824,0.311302858,0.251849685,0.183623047,0.154352478,0.149116428,0.281116985,0.43437102,0.482249017,0.497078035,0.403505511,0.337384966,0.432038967,0.455779833,0.500414373,0.591456972,0.565939116,0.523712903,0.495700184,,,
Big_constant,021720_consright_com6,,,,,0.150412236,0.168784406,0.2021388,0.207746707,0.219653959,0.198207546,0.157553173,0.146463124,0.186037285,0.218128168,0.223622665,0.219717389,0.167964073,0.115870803,0.123528016,0.133730092,0.140843105,0.156444585,0.172235589,0.24293698,0.298165435,0.309778899,0.281259979,0.196490125,0.194824999,0.276282903,0.324666491,0.381958365,0.403118487,0.356374998,0.422711944,0.535214666,0.544794136,0.521702975,0.416601078,0.254176112,0.18002149,0.160263152,0.132524805,0.132832781,0.161614463,0.214060759,0.286784437,0.29529827,0.259591597,0.222605254,0.177453209,0.204926133,0.306542825,0.372267067,0.4584683,0.53556239,0.502913534,0.451305026,0.374074615,0.281173222,0.232472733,0.1989305,0.168248037,0.144178339,0.111680421,0.08507334,0.103284993,0.153524785,0.255273359,0.448618022,0.5555283,0.534998293,0.464070573,0.287323908,0.167195188,0.157006188,,,
Big_constant,022620_consleft_com1,,,,,0.465441924,0.452485802,0.451433015,0.380627439,0.294589322,0.202415678,0.133140034,0.111468863,0.131032171,0.187670198,0.204385173,0.219593461,0.25101078,0.242345872,0.265112424,0.400712188,0.560003806,0.673315714,0.701680078,0.607506181,0.429945704,0.27521924,0.245887418,0.224711257,0.170640536,0.160448496,0.090490899,0.017858925,0.010172923,0.023795526,0.044185926,0.100898132,0.239146475,0.388463351,0.450419782,0.405000951,0.308374165,0.213829971,0.181781349,0.201228296,0.216040371,0.216356818,0.203917987,0.171224738,0.169931733,0.15752828,0.124239579,0.130617955,0.088867638,0.037554668,0.031265137,0.024388348,0.010638764,0.006655657,0.026774578,0.041969497,0.043772465,0.042924287,0.041704687,0.044446224,0.044049115,0.050669727,0.080136926,0.101808261,0.101894415,0.091335373,0.042651309,0.002870101,0.001326637,0.001148566,0.005536276,0.017536412,0.029282892,0.034174157,0.034718366
Big_constant,022620_consleft_com2,,,,,0.112289254,0.093515018,0.080758906,0.041664533,0.041176437,0.132407347,0.197521386,0.26793192,0.33860223,0.328287242,0.34577013,0.404705013,0.450567197,0.472925049,0.441063274,0.340161722,0.28160007,0.302802117,0.331312064,0.359717449,0.378651049,0.401651405,0.399229924,0.366988926,0.304679174,0.197374275,0.146250693,0.190419482,0.196299548,0.16697319,0.143426051,0.079032868,0.031811489,0.02792857,0.032805511,0.037000814,0.045313935,0.137359907,0.241143675,0.276521955,0.30939162,0.272396947,0.316707681,0.451949163,0.498565998,0.550563332,0.509309264,0.395397058,0.383571429,0.342952547,0.303192946,0.297966667,0.223283363,0.160109402,0.109748767,0.079558174,0.208653335,0.342550468,0.364639762,0.442619418,0.450922107,0.376699785,0.336913003,0.251431183,0.214215563,0.25688771,0.277922168,0.258998798,0.161716791,0.055952502,0.02631868,0.022288297,0.009810464,0,0
Big_constant,022620_consleft_com3,,,,,0.363461453,0.39685663,0.395088676,0.347326575,0.307395308,0.33024306,0.433894889,0.517556777,0.525991113,0.510974415,0.448742285,0.415860098,0.410916303,0.326712553,0.271704701,0.266110623,0.282731724,0.293217586,0.262644738,0.216722168,0.18105521,0.173525284,0.219789742,0.317282401,0.372347808,0.354814144,0.32837587,0.277423365,0.253097002,0.261521872,0.211553881,0.15303763,0.119298549,0.096137746,0.129132433,0.163455457,0.147037405,0.17437477,0.213367778,0.256285579,0.281347748,0.238273642,0.173065778,0.095861283,0.076948252,0.163957698,0.22306395,0.216690972,0.198277445,0.129472006,0.142913279,0.25285447,0.332234875,0.383886694,0.372956849,0.316916624,0.319010033,0.315238378,0.287820308,0.357974302,0.37229639,0.411102888,0.559353916,0.64183997,0.698549274,0.64754658,0.536396582,0.474713123,0.491781604,0.528786598,0.449365112,0.343431429,0.327204344,0.398692343,0.481484965
Big_constant,022620_consleft_com4,,,,,0.311654961,0.321961689,0.292638281,0.319561687,0.381016659,0.471460765,0.657466144,0.777063422,0.797588972,0.814437347,0.819018776,0.757165484,0.75580758,0.730556332,0.605179924,0.572515614,0.506440826,0.453265454,0.489708827,0.501821621,0.493769983,0.469473354,0.471416825,0.482787682,0.498939574,0.527536865,0.5011889,0.50203735,0.533679972,0.509101759,0.453467214,0.369571382,0.337238788,0.337590229,0.323558025,0.351497566,0.375803025,0.396099239,0.480676506,0.553602563,0.52572254,0.50439896,0.457638412,0.344299087,0.263637013,0.176619048,0.118911682,0.145531633,0.188537906,0.196832364,0.168842482,0.115470997,0.108590842,0.20765835,0.306422727,0.3531774,0.407652262,0.386796909,0.368625944,0.419081244,0.418798979,0.390969688,0.3670211,0.342713117,0.335969315,0.350216944,0.327247736,0.263935261,0.19460371,0.18576156,0.203133935,0.206118558,0.209181423,0.18728005,0.183350826
Big_constant,022620_consleft_com5,,,,,0.037189561,0.032068,0.029672582,0.034325191,0.046473993,0.069330124,0.094667943,0.092653735,0.075093116,0.059671384,0.04812947,0.064546604,0.104431987,0.130242208,0.136257515,0.132095507,0.121705082,0.142599622,0.17635966,0.192490698,0.194263051,0.179194654,0.158901351,0.147937889,0.139241553,0.124800082,0.134527444,0.150641371,0.17345969,0.195096622,0.243163632,0.388544348,0.581974886,0.701852963,0.730154647,0.641033654,0.436208579,0.29948706,0.209161985,0.136905518,0.127459141,0.12631896,0.122348006,0.120323482,0.13058353,0.136016943,0.137709033,0.137687099,0.12817102,0.11909108,0.119443829,0.118860334,0.108821315,0.103890719,0.123250861,0.164508315,0.176261775,0.155836027,0.109014739,0.041399816,0.010581237,0.008705494,0.014297317,0.041805838,0.074949136,0.120915985,0.221242046,0.305394738,0.323386304,0.29248362,0.196388437,0.099535841,0.059425517,0.052351074,0.044690918
Big_constant,022620_consleft_com6,,,,,0.415329185,0.422977069,0.455784408,0.470121356,0.539428047,0.623655319,0.644693713,0.623353232,0.528913399,0.377134176,0.231085339,0.145222574,0.144358541,0.187478894,0.293833325,0.381941813,0.379126463,0.339973767,0.233629971,0.143947876,0.101821112,0.080124376,0.088096284,0.089392037,0.085065312,0.096811349,0.110168751,0.105180394,0.112145211,0.100007694,0.081931573,0.097702863,0.111010963,0.10996858,0.116684543,0.125372093,0.133790048,0.153127998,0.18234915,0.215771088,0.245319712,0.272726547,0.281842943,0.295823753,0.29664742,0.36336313,0.420366584,0.357300565,0.30442658,0.16300225,0.041333447,0.033021282,0.020367798,0.023196691,0.052630163,0.098431777,0.141835601,0.170493201,0.161468808,0.145322065,0.13228977,0.128995545,0.142794255,0.134697705,0.133855724,0.154252612,0.152961439,0.182473426,0.208085406,0.180995459,0.162910328,0.116483004,0.072600577,0.076685479,0.08344703
Big_constant,1114_consleft_com1,,,,,,0.072563657,0.066664357,0.056822464,0.04044891,0.02228635,0.015509779,0.016220956,0.014020393,0.015472343,0.021855712,0.025682142,0.03144808,0.041767774,0.054141024,0.065097267,0.065462195,0.048874679,0.027358079,0.009893981,0.002185332,0.002496808,0.003155625,0.004215555,0.005747286,0.012498092,0.039422164,0.0952372,0.16588326,0.248253527,0.398181182,0.491266174,0.478228467,0.468677651,0.402961518,0.340812174,0.339792452,0.336700955,0.326315197,0.346547687,0.37295772,0.389624453,0.382803959,0.417538052,0.497533619,0.5007839,0.47131821,0.370544439,0.269249422,0.254474552,0.244893618,0.267290582,0.27873185,0.257907554,0.240853763,0.213704091,0.18659287,0.162317104,0.148360872,0.128084962,0.101266876,0.088469006,0.096999385,0.117909105,0.129009061,0.182666762,0.268085048,0.32039342,0.386732589,0.418795955,0.382125626,0.381368007,0.388655216,0.381426585,
Big_constant,1114_consleft_com2,,,,,,0.238204621,0.253559456,0.244738365,0.27067736,0.359022969,0.409291607,0.408780876,0.366209904,0.274247609,0.180620965,0.13649782,0.116318796,0.073532042,0.046520422,0.041354757,0.030698798,0.031736703,0.128964662,0.253659051,0.308847203,0.350525425,0.318637039,0.265288561,0.261543283,0.266159433,0.289451873,0.355183403,0.436951053,0.500348257,0.530429158,0.49954137,0.448146692,0.392090226,0.330346446,0.272682144,0.224981224,0.190863487,0.165269016,0.159233908,0.170841136,0.199939635,0.2390685,0.248329661,0.246614245,0.256411311,0.287111533,0.330269042,0.436593519,0.580912379,0.626401518,0.693595937,0.675551371,0.511650677,0.395087472,0.292619765,0.290257056,0.349526595,0.355867618,0.34586027,0.282064404,0.231300234,0.243945806,0.227777526,0.169321916,0.12623983,0.082537236,0.050472924,0.052383068,0.046120061,0.042951516,0.057602492,0.0578289,0.055883419,
Big_constant,1114_consleft_com3,,,,,,0.027422962,0.02670075,0.026622914,0.024384411,0.019029621,0.016109377,0.012742791,0.011074525,0.01209404,0.014479458,0.016972888,0.017092595,0.024801867,0.041999482,0.065725799,0.09689107,0.119224035,0.127245059,0.137806383,0.15210643,0.165468022,0.179381756,0.187664769,0.19229639,0.199937942,0.197980918,0.178799899,0.145380843,0.111842671,0.092391761,0.083868569,0.086445039,0.090971715,0.083156462,0.075345918,0.06734041,0.05750952,0.054984163,0.056519476,0.057679811,0.048496397,0.042653784,0.051186195,0.061340677,0.074960504,0.091740822,0.10398345,0.116569172,0.119173158,0.112188884,0.09495982,0.082838161,0.094679985,0.145030471,0.304505383,0.437590964,0.452917101,0.424913793,0.272996988,0.116306813,0.107246014,0.140857778,0.243945078,0.358146423,0.350343214,0.318646697,0.309748073,0.297833452,0.329799693,0.423594063,0.432915797,0.422467546,0.462977333,
Big_constant,1114_consleft_com4,,,,,,0.034505807,0.034962843,0.037833159,0.041571121,0.041010462,0.034999585,0.024722322,0.017974792,0.016782888,0.017136003,0.023106333,0.033518257,0.045070244,0.057255016,0.068090494,0.071000107,0.064345119,0.051707366,0.037287167,0.029886501,0.051853132,0.098537177,0.127074197,0.136377954,0.121148302,0.085894866,0.076199325,0.080910129,0.127112089,0.289375381,0.424893199,0.462548718,0.446248927,0.318395777,0.218050652,0.215040093,0.210641528,0.179097732,0.133444002,0.091318822,0.078055916,0.101716111,0.132667391,0.142922987,0.126264533,0.100972761,0.107153553,0.186460815,0.304853994,0.415285136,0.511354551,0.557886755,0.54811282,0.532618986,0.488422655,0.386664595,0.30835372,0.259582751,0.21679856,0.208885345,0.185854075,0.138231254,0.110158631,0.115581603,0.142420439,0.173681145,0.195485124,0.209663627,0.216059321,0.205850232,0.197304855,0.207930969,0.228583887,
Big_constant,1114_consleft_com6,,,,,,0.037519733,0.034426275,0.032490193,0.035351305,0.037518162,0.038612032,0.036310315,0.026959142,0.020300941,0.02031948,0.02242425,0.030385813,0.043135467,0.055215301,0.062307473,0.069761556,0.082230115,0.089688287,0.089027216,0.08149265,0.064566248,0.060097315,0.072832329,0.092022957,0.12885396,0.177679324,0.23649213,0.277334617,0.279486052,0.273709143,0.249586406,0.217806773,0.214525637,0.200619246,0.194918285,0.219316317,0.246625887,0.265439086,0.257094727,0.237909682,0.212199424,0.198115501,0.201897994,0.195433809,0.175350799,0.15641098,0.146347556,0.140948559,0.143188842,0.167999133,0.202993925,0.325819408,0.430554969,0.404384237,0.369731953,0.243439436,0.129398349,0.157957768,0.214216924,0.251064591,0.253502473,0.20576675,0.156591123,0.169366677,0.206361156,0.233352178,0.21676915,0.164182446,0.130095353,0.123819605,0.150369399,0.160017227,0.156472211,
Big_constant,1114_consright_com1,,,,,,0.269291574,0.293095921,0.318095126,0.327012285,0.407476216,0.391180708,0.286594652,0.214198653,0.211810722,0.255024032,0.295515534,0.450561835,0.510919903,0.46399923,0.435429291,0.287706353,0.128282946,0.084069698,0.113651796,0.134849832,0.115090779,0.112110739,0.123917902,0.144758679,0.182797468,0.182832338,0.16211527,0.193168051,0.249485338,0.313072107,0.347126693,0.279091487,0.184179042,0.114137418,0.090627714,0.115636414,0.128195254,0.103825005,0.061312305,0.039618524,0.041353716,0.083020457,0.162562715,0.193011801,0.197156756,0.171567907,0.107645084,0.088115186,0.074171038,0.059916683,0.055476012,0.040836909,0.039834654,0.044887709,0.038284189,0.043586042,0.055068595,0.069934321,0.082876876,0.065165797,0.045516533,0.023294952,0.004585795,0.003846896,0.003111481,0.007335289,0.013920539,0.016138061,0.015743423,0.009795632,0.00294157,0.015781525,0.032247381,
Big_constant,1114_consright_com2,,,,,,0.564752964,0.569548715,0.609291558,0.571497395,0.514653126,0.431148388,0.34427245,0.314973968,0.320277782,0.380815778,0.440356854,0.503287077,0.563592788,0.475669113,0.320798204,0.183352848,0.077362826,0.061387779,0.081884588,0.105060369,0.111493942,0.10591484,0.098814415,0.075673284,0.056671989,0.057656487,0.062219687,0.059272479,0.063474053,0.06606835,0.055607635,0.052647708,0.049903724,0.03720534,0.035262803,0.049596734,0.063376034,0.064445286,0.058942121,0.05200593,0.162142576,0.293955359,0.309411461,0.305446456,0.179331047,0.037414286,0.017257463,0.009743977,0.003833185,0.005610137,0.010616414,0.015569446,0.018162358,0.016765606,0.012577922,0.009994928,0.013862013,0.023721591,0.092232984,0.175849626,0.19845562,0.233717129,0.203941242,0.124682405,0.132560982,0.192603926,0.302047494,0.419527289,0.43749235,0.356360766,0.310058183,0.323772564,0.364036291,
Big_constant,1114_consright_com3,,,,,,0.113527419,0.119478703,0.131924428,0.157133639,0.183916083,0.178007709,0.143587452,0.106426388,0.065647341,0.035175299,0.024809335,0.028286754,0.040873002,0.061712244,0.082974865,0.086716735,0.082034706,0.063717838,0.052254045,0.057627929,0.059816613,0.089583989,0.106569181,0.092329464,0.092251938,0.088734468,0.08510849,0.081391913,0.074421881,0.065080443,0.052730303,0.047097674,0.04156252,0.023985635,0.009458791,0.00842319,0.005136022,0.002364423,0.002382336,0.001320413,0.000796977,0.001881427,0.002947264,0.003344691,0.006045671,0.018999519,0.039603275,0.054414364,0.060903853,0.060691037,0.05395701,0.073385788,0.101496541,0.116464091,0.126479072,0.123406166,0.114356863,0.10710253,0.108181195,0.095352666,0.083085213,0.076525434,0.064200215,0.074888903,0.209003073,0.380318215,0.448691583,0.448320706,0.312781077,0.135336543,0.070302413,0.074894652,0.087905474,
Big_constant,1114_consright_com4,,,,,,0.076487887,0.077583782,0.079767841,0.070570959,0.06504581,0.077265604,0.096360516,0.107225857,0.096093922,0.063444414,0.024608236,0.011358161,0.025472584,0.038102469,0.040647832,0.033720818,0.018026541,0.006873822,0.00773898,0.02046997,0.033729994,0.056059186,0.083430941,0.088818528,0.082409277,0.058468323,0.026508235,0.010805616,0.013287896,0.027005142,0.044653997,0.058234019,0.074281137,0.08545169,0.077790057,0.070330812,0.058272418,0.042617559,0.036628934,0.03397744,0.024935578,0.025570744,0.029852786,0.024208114,0.021449444,0.016651907,0.020625748,0.043108043,0.055686181,0.053376721,0.04522412,0.02522796,0.037584183,0.071175084,0.0828128,0.084573709,0.061762911,0.042319792,0.075968929,0.138934513,0.210026067,0.23745585,0.198417899,0.15397408,0.152921874,0.287021169,0.417308502,0.495441166,0.551445121,0.547218715,0.533992775,0.439556989,0.369186835,
Big_constant,1114_consright_com5,,,,,,0.069892131,0.068456381,0.064771266,0.061314293,0.055312837,0.056050623,0.057390848,0.050285746,0.041244779,0.02685391,0.016034497,0.017705933,0.030095425,0.056103884,0.077191246,0.077000415,0.070704282,0.065735307,0.063106601,0.073098572,0.08596601,0.079738445,0.06360249,0.051514071,0.034081213,0.020751768,0.020327958,0.016855571,0.010641849,0.007598242,0.003775639,0.00162404,0.001907272,0.002476397,0.002174823,0.001426648,0.001265484,0.001458262,0.002035617,0.004523015,0.009556761,0.012369002,0.015047124,0.016405299,0.028092253,0.045147218,0.04611643,0.044556269,0.036944058,0.061733856,0.118567564,0.241412252,0.459315543,0.55387703,0.52629126,0.430728282,0.214390719,0.076321167,0.050132496,0.033474763,0.041818898,0.056350118,0.060596216,0.071455285,0.074107326,0.074188248,0.087269737,0.08097181,0.064741105,0.052171793,0.030266156,0.023963917,0.031312581,
Big_constant,1114_consright_com6,,,,,,0.312672903,0.338370579,0.381643461,0.364024532,0.349772996,0.274573915,0.159612298,0.133534061,0.172863117,0.195826231,0.195640841,0.242938041,0.296019385,0.348402816,0.415393882,0.365492759,0.243262147,0.151976779,0.133716403,0.162879411,0.175414015,0.237101179,0.247988676,0.195665465,0.180471658,0.102358944,0.025100436,0.020233403,0.032187353,0.055147625,0.100725819,0.162572389,0.187454987,0.215290721,0.244185255,0.233709809,0.229593876,0.190539242,0.116089944,0.064202149,0.044361359,0.068427414,0.099309618,0.128643627,0.175877211,0.21659908,0.265796633,0.284908407,0.245351837,0.206791794,0.151717932,0.121267319,0.198377354,0.253703012,0.268266289,0.335015631,0.320189807,0.372345716,0.528055213,0.558451535,0.529225634,0.415832801,0.254116314,0.159727782,0.131294907,0.113797041,0.090072061,0.114645444,0.123657959,0.119484945,0.124532432,0.085061885,0.057852911,
Big_constant,092320_left_com1,0.065315833,0.062837878,0.060558177,0.060382255,0.068940468,0.094965604,0.116651155,0.152131312,0.178021436,0.2033141,0.245428697,0.232753563,0.210368181,0.202903163,0.21263249,0.250483423,0.268434164,0.233590409,0.147612314,0.097060147,0.090875588,0.10169746,0.123088484,0.112918359,0.094428301,0.116841457,0.178219057,0.256950902,0.321666648,0.378140489,0.460589673,0.533857822,0.594852646,0.594029929,0.545958446,0.556097246,0.633738434,0.67263221,0.628126158,0.502230814,0.281736268,0.205051232,0.311493106,0.417772765,0.523032997,0.589574974,0.550659517,0.526392873,0.535052763,0.456976394,0.335318661,0.271607058,0.289536513,0.328365599,0.336374843,0.276537864,0.150763244,0.10121913,0.152647652,0.194381814,0.211219066,0.173729338,0.103168452,0.056010213,0.038953437,0.043930196,0.046073709,0.042511514,0.031820882,0.013685307,0.005128152,0.00839835,0.012056423,0.013824125,0.014346218,0.0125646,,,
Big_constant,092320_left_com2,0.125277196,0.133676349,0.138356334,0.134704207,0.114066194,0.074145748,0.054965609,0.076278376,0.130731376,0.191681478,0.237543074,0.256409101,0.278378481,0.327721437,0.357986482,0.366219745,0.340226515,0.283301133,0.241101103,0.241944702,0.244524921,0.270604966,0.312633855,0.286305999,0.286043409,0.275599241,0.220923624,0.195761838,0.145278087,0.203202177,0.374466846,0.499659551,0.565457418,0.456629919,0.249159993,0.107121323,0.052207984,0.059717609,0.065447585,0.064074171,0.063884235,0.077080073,0.187414734,0.296636435,0.303712181,0.281390453,0.169804144,0.069987052,0.058278861,0.053821603,0.050933284,0.043248335,0.035560228,0.031840864,0.02987645,0.031360572,0.029011347,0.020334873,0.018907981,0.016907614,0.01203857,0.011434026,0.013140759,0.012588525,0.011379712,0.01061177,0.008250215,0.015613614,0.026620695,0.030592316,0.031411462,0.021394964,0.009479151,0.004954134,0.00232223,0.0016883,,,
Big_constant,092320_left_com3,0.153001027,0.143049242,0.139127481,0.123794904,0.098719098,0.085781388,0.074826287,0.076394242,0.081742121,0.084380772,0.083178273,0.104726738,0.131009832,0.152112827,0.179523381,0.177830273,0.162500902,0.138915615,0.106046456,0.068288875,0.050739586,0.059475723,0.070261569,0.10268652,0.158567283,0.218842314,0.273988235,0.287927169,0.273525692,0.252668335,0.249805587,0.282223253,0.314273507,0.335344528,0.345379012,0.371624964,0.387766648,0.411964158,0.409617925,0.359856076,0.33770661,0.314863197,0.35200195,0.461051192,0.518572142,0.595283874,0.653323654,0.554454112,0.458652028,0.355883451,0.261781061,0.270245046,0.377895641,0.48947073,0.455327623,0.393019183,0.275608407,0.167434424,0.199339332,0.253486629,0.313783976,0.326701385,0.299632038,0.305607987,0.281496336,0.243474308,0.200703154,0.129052483,0.069638788,0.046474136,0.051094642,0.100825767,0.169441336,0.198405097,0.201055327,0.175700743,,,
Big_constant,092320_left_com4,0.138505635,0.140993829,0.125533335,0.135637778,0.212272002,0.304880737,0.372213316,0.465774773,0.517286018,0.58190507,0.67398838,0.665208677,0.669934062,0.657359626,0.612519523,0.582344523,0.497484133,0.366820246,0.262243807,0.200930831,0.161947751,0.167566733,0.181179733,0.244127636,0.340491242,0.389027237,0.457860703,0.49645051,0.497934276,0.525801898,0.595253366,0.666923299,0.695503298,0.701655901,0.691947794,0.619226399,0.491569437,0.403964877,0.276242012,0.218175475,0.270669689,0.336998387,0.404745132,0.409312892,0.439290568,0.422894571,0.35059264,0.328564551,0.259356099,0.21376387,0.224592708,0.19808872,0.16167535,0.145855314,0.150278375,0.183215513,0.250349196,0.352872256,0.51252602,0.584884285,0.525820416,0.418008724,0.28535945,0.234966584,0.250531136,0.243860209,0.196079875,0.145657863,0.139703519,0.149631956,0.142855843,0.13399368,0.126892045,0.115627717,0.101537245,0.084606946,,,
Big_constant,092320_left_com5,0.171316393,0.173977281,0.179205785,0.159129655,0.155394552,0.197283582,0.24329634,0.327655267,0.460586722,0.50528792,0.494670356,0.484379465,0.356604794,0.27395031,0.266324252,0.257105741,0.379761406,0.465681768,0.498907516,0.562583914,0.521902323,0.453104188,0.370483608,0.240094082,0.135219323,0.095476371,0.098209006,0.113577264,0.199058594,0.281935047,0.327523313,0.393340191,0.381779903,0.326061552,0.295090116,0.283467489,0.295271292,0.328169341,0.39960265,0.451210244,0.472779148,0.563359404,0.657041562,0.6323484,0.552770563,0.411726497,0.238159257,0.133197295,0.100238319,0.098203768,0.107681185,0.135419104,0.165733669,0.212703123,0.233980887,0.22041513,0.230608103,0.20858172,0.169059587,0.16039564,0.122812341,0.092042669,0.100281289,0.113317155,0.141940111,0.166564851,0.173759395,0.185601543,0.203187876,0.194460795,0.226220271,0.269912286,0.253213227,0.24725409,0.195882546,0.143335269,,,
Big_constant,092320_left_com6,0.146998334,0.156911532,0.150678931,0.130224651,0.089618899,0.04374672,0.015790214,0.016711634,0.038516609,0.06637631,0.10388536,0.126569184,0.117672708,0.109106771,0.109006926,0.109509158,0.219912755,0.336504657,0.32669652,0.324271488,0.249290132,0.154000749,0.156460626,0.136061648,0.092100257,0.079936228,0.084949644,0.094022671,0.100714053,0.11931892,0.197246211,0.286709226,0.328268155,0.309104839,0.231727903,0.150218079,0.107579667,0.088991324,0.07591741,0.092401414,0.163582313,0.237213407,0.25199773,0.224022151,0.152109876,0.076309478,0.057356303,0.063985735,0.096759961,0.13590652,0.145097609,0.157137974,0.200010315,0.257582156,0.30302423,0.387805984,0.407709315,0.343705639,0.343139287,0.344032329,0.365711263,0.505801756,0.649271578,0.663299391,0.68158434,0.663241108,0.564321983,0.529491502,0.472431715,0.464571291,0.542680601,0.632320118,0.691830535,0.665834847,0.620979545,0.576804517,,,
Big_constant,092320_right_com1,0.072205022,0.072164664,0.068714312,0.056231628,0.039170117,0.025149379,0.021779323,0.024440233,0.024210366,0.036148271,0.053272021,0.062608547,0.073035186,0.078042519,0.086326441,0.11617165,0.155370267,0.206625085,0.237652702,0.220653692,0.207187822,0.20108695,0.226521085,0.286624332,0.316222185,0.320857352,0.308807193,0.269394645,0.228246831,0.182894482,0.142361849,0.145522836,0.172373179,0.204465812,0.247888987,0.295195844,0.380210368,0.47872343,0.469357209,0.386676362,0.278405829,0.172456995,0.1629555,0.19929628,0.241217617,0.273915293,0.276429349,0.27087957,0.225904818,0.179111376,0.162428917,0.187845911,0.255679995,0.328098842,0.384162751,0.366093614,0.308804694,0.267087536,0.241268253,0.2619963,0.295032919,0.297907019,0.331483157,0.384841173,0.496956523,0.553700115,0.442673212,0.311755524,0.127984828,0.013617641,0.032237119,0.040237794,0.047062137,0.046869633,0.032127836,0.028460567,,,
Big_constant,092320_right_com2,0.077881282,0.07871736,0.075620312,0.065946973,0.049363575,0.034244045,0.019910782,0.011513224,0.005495687,0.000771489,0.002297547,0.004966357,0.008872192,0.012104773,0.011132156,0.012037612,0.016847102,0.026231893,0.044643878,0.056777969,0.136844139,0.32028217,0.473661239,0.545042584,0.52641098,0.4185455,0.327118063,0.387005202,0.517681153,0.590538328,0.673058149,0.720400093,0.719290963,0.736212172,0.724086038,0.663866778,0.570217314,0.475248553,0.377942287,0.329999361,0.348950654,0.412665488,0.527411236,0.569560472,0.519992716,0.459484886,0.399276812,0.347160491,0.338949884,0.381459211,0.388774652,0.357267705,0.399898252,0.40750923,0.415213571,0.540495685,0.599170486,0.633413811,0.695109109,0.708280283,0.756451239,0.782006361,0.68767179,0.531774642,0.333364036,0.146375611,0.057306083,0.031028836,0.013349591,0.038477992,0.080618007,0.123539559,0.168938685,0.223170362,0.38031934,0.50886355,,,
Big_constant,092320_right_com3,0.184881769,0.186974359,0.180977659,0.158843312,0.113458713,0.072187379,0.062164865,0.061359649,0.059576999,0.07935528,0.102999371,0.124784437,0.156366644,0.159393218,0.154421239,0.187967087,0.232811898,0.369262784,0.493520351,0.484889587,0.473235498,0.421621149,0.360303715,0.342562326,0.314892864,0.283728422,0.250176648,0.226196859,0.21005886,0.195889662,0.236417742,0.317421382,0.362395655,0.390707239,0.410658248,0.40654195,0.424380007,0.434855884,0.393089576,0.370047338,0.32657795,0.231561534,0.159692037,0.093775736,0.050506091,0.042400221,0.0610037,0.129904409,0.218108822,0.273656433,0.277388441,0.254357776,0.211387361,0.208257482,0.230318509,0.233116775,0.262990238,0.276256173,0.293542296,0.313043028,0.311922497,0.321159267,0.297155342,0.241503139,0.178030631,0.117056083,0.07091663,0.056079145,0.087089304,0.146666189,0.197285597,0.262556102,0.308133739,0.263398531,0.206592826,0.159326654,,,
Big_constant,092320_right_com4,0.036413833,0.035198324,0.033508102,0.029883181,0.020142617,0.014184625,0.008400627,0.004837796,0.008919885,0.035069432,0.091279505,0.140812655,0.174956996,0.196345181,0.186374571,0.19007383,0.206850956,0.224252558,0.271299043,0.297858847,0.305666077,0.280078504,0.280052436,0.310656537,0.311943375,0.358808177,0.345766596,0.296346789,0.327028794,0.37261329,0.417279999,0.498493647,0.61565948,0.670591098,0.682780182,0.702715626,0.677324752,0.662299453,0.721446712,0.753177073,0.680997661,0.59206683,0.502690419,0.408557458,0.376685317,0.426440051,0.447985931,0.432509,0.430885047,0.362395427,0.280618221,0.222781425,0.188745888,0.18458046,0.187427364,0.223684743,0.25937041,0.279784976,0.29156704,0.292841856,0.275222951,0.25495586,0.252962406,0.218798619,0.156851268,0.099000534,0.047681495,0.037953183,0.052299836,0.053325361,0.051812273,0.034893068,0.016264393,0.016920521,0.037327627,0.059227911,,,
Big_constant,092320_right_com5,0.131590558,0.129871475,0.127893541,0.104095188,0.073011169,0.064127647,0.066896289,0.084060524,0.10462624,0.127616503,0.173255721,0.238457945,0.319181585,0.372991957,0.369516846,0.316275114,0.257600988,0.256936585,0.28211675,0.324128126,0.361229526,0.366965608,0.40277766,0.463468837,0.584396382,0.668134229,0.662218375,0.617940929,0.491592089,0.408434886,0.368687701,0.329020265,0.31563438,0.291580743,0.264495882,0.252033238,0.245294155,0.221506541,0.220812598,0.273297065,0.39277013,0.561634868,0.668400723,0.730811008,0.715758669,0.606242865,0.516912229,0.397063545,0.27315035,0.189702367,0.158358471,0.155963188,0.150865971,0.17274892,0.196435635,0.29282415,0.403938216,0.440382272,0.435286482,0.358324063,0.295215921,0.270860668,0.241020341,0.196601604,0.12529427,0.066415955,0.038343428,0.031532669,0.023830852,0.08326508,0.185475311,0.226765072,0.232575961,0.170607805,0.068622601,0.033379452,,,
Big_constant,092320_right_com6,0.207901614,0.208205128,0.195464093,0.179485704,0.187204219,0.225587914,0.239333942,0.218136182,0.201325322,0.209714758,0.241574058,0.280082457,0.280083016,0.237719355,0.238201705,0.282028456,0.326878023,0.338413218,0.296024154,0.24731844,0.205294484,0.253329854,0.407635427,0.498218301,0.525465295,0.583907551,0.589295516,0.569131116,0.547376229,0.394755366,0.239844399,0.236714488,0.314794631,0.390148849,0.419961825,0.37535014,0.29783177,0.241951171,0.194768393,0.147592605,0.10145123,0.066859968,0.055405296,0.055897105,0.072511251,0.107319366,0.131205045,0.137877224,0.132501503,0.10998062,0.08735349,0.074980258,0.064970304,0.052977402,0.040666488,0.024319122,0.011284534,0.008084577,0.006391409,0.005683056,0.010014935,0.039769844,0.084417201,0.122734597,0.152513488,0.153765531,0.143651977,0.128444238,0.10142737,0.082541921,0.05911152,0.061636356,0.123287304,0.199249531,0.257575575,0.289550659,,,
Big_constant_mean,Big_constant_mean,0.129243909,0.129674838,0.124176276,0.122139625,0.125836344,0.134980768,0.154135676,0.171386024,0.183627819,0.202329682,0.221004635,0.230394097,0.232635138,0.233792706,0.235978888,0.239412963,0.256154837,0.268306934,0.266003696,0.259549962,0.241476523,0.228496061,0.225881861,0.230061866,0.234673876,0.232616769,0.234340707,0.23528692,0.235986979,0.242119001,0.250532322,0.266401637,0.287615093,0.295138741,0.299739047,0.301908686,0.290627947,0.279998999,0.260607043,0.239374089,0.234852878,0.244525782,0.254942724,0.256542227,0.248696499,0.238594794,0.236259886,0.236094305,0.237408218,0.237941669,0.229345622,0.218753504,0.219099798,0.220120971,0.223910438,0.2362109,0.237853612,0.23843582,0.242872699,0.243554514,0.247639318,0.240181633,0.231152121,0.231938094,0.224995596,0.213238979,0.198754678,0.181853372,0.173788281,0.184684111,0.203057669,0.215558769,0.220919669,0.211369974,0.199753767,0.191544701,0.185134106,0.182207735,0.174942187
Small_cycle,082620_left_com1,0.089963196,0.090800669,0.10316562,0.12176676,0.129704944,0.115624237,0.082463041,0.07246203,0.100575301,0.13318543,0.267919011,0.424434311,0.445371885,0.417115481,0.284475394,0.103941756,0.035634284,0.037392185,0.051689493,0.064686028,0.069637721,0.053899809,0.031487014,0.02836664,0.051596718,0.088047908,0.169816368,0.231398527,0.287986073,0.33493277,0.312880476,0.297877099,0.233601608,0.16464059,0.107955777,0.056954046,0.048014175,0.054865762,0.075679116,0.082681651,0.096773672,0.102879834,0.097026992,0.099669914,0.099488613,0.091252888,0.07659791,0.077577743,0.094283209,0.114138392,0.126132454,0.124113177,0.125176408,0.126830918,0.123459444,0.108916852,0.088551327,0.086833121,0.091617729,0.119604856,0.146389105,0.137762459,0.138749817,0.163715704,0.215010254,0.259825008,0.272082227,0.250703477,0.184856245,0.145345183,,,,,,,,,
Small_cycle,082620_left_com2,0.119679784,0.112252721,0.105842211,0.091285389,0.104335372,0.147059753,0.198825844,0.268969015,0.310268363,0.334509502,0.418442538,0.483728678,0.522978773,0.558686084,0.523889797,0.503882804,0.488007541,0.453489608,0.415304428,0.356877535,0.301144351,0.249800202,0.203977269,0.183038305,0.17931006,0.185841878,0.190234773,0.149307552,0.123952711,0.163700489,0.266786864,0.362784444,0.434621217,0.458298466,0.371759353,0.371449271,0.423932712,0.482305295,0.580748861,0.557148792,0.49933809,0.431361503,0.36178905,0.401434341,0.497838135,0.558318966,0.636846325,0.68207983,0.691635915,0.769351654,0.813448425,0.812164564,0.771147514,0.708799596,0.715708388,0.722565496,0.677248247,0.608099809,0.563155885,0.585199214,0.598457874,0.598622414,0.570574358,0.570202077,0.652517202,0.679140556,0.676841581,0.617774531,0.48588978,0.454432765,,,,,,,,,
Small_cycle,082620_left_com3,0.362202042,0.334892387,0.329929249,0.343028715,0.36244075,0.415917162,0.432166246,0.410509044,0.415787299,0.417349852,0.412689596,0.381902274,0.322664774,0.254905839,0.211810881,0.227429455,0.258927334,0.276817064,0.295583737,0.332230725,0.351367034,0.348792431,0.342464599,0.297186077,0.277648364,0.312678949,0.337650987,0.352287469,0.359517772,0.392178682,0.461704364,0.545094063,0.626908902,0.627331379,0.643025157,0.702813387,0.667819404,0.628090799,0.541477925,0.377278289,0.304992936,0.263793725,0.199470262,0.168556078,0.16883546,0.222243031,0.27930769,0.324699909,0.385650302,0.397226347,0.429948538,0.467161765,0.447512098,0.513151807,0.585017982,0.636889336,0.677033062,0.614150521,0.570979407,0.530387675,0.508563395,0.503148595,0.438166513,0.395847184,0.331147235,0.250729832,0.206461474,0.182929746,0.207505769,0.253222662,,,,,,,,,
Small_cycle,082620_left_com4,0.095051283,0.090604218,0.090074989,0.106692851,0.168206603,0.294301142,0.45171056,0.567750487,0.629411194,0.662675578,0.69812885,0.671262949,0.607944561,0.571081787,0.477799736,0.461428038,0.47825118,0.430106439,0.400275992,0.369641307,0.31915132,0.271400402,0.265169316,0.274422761,0.296363676,0.340819418,0.355687547,0.370183003,0.452558934,0.536923973,0.618112166,0.688955054,0.640569091,0.503281917,0.351935654,0.22511095,0.168610838,0.18351772,0.1892684,0.156894899,0.12758811,0.093971351,0.072516484,0.071487872,0.097222844,0.140082862,0.178053321,0.219667541,0.2367919,0.255125139,0.331834763,0.366030537,0.352092184,0.358487072,0.328139033,0.327030482,0.365356673,0.361298904,0.335427484,0.308910086,0.305736157,0.326004912,0.305115457,0.266465182,0.216457323,0.141849925,0.104916872,0.087521578,0.09730297,0.121699362,,,,,,,,,
Small_cycle,082620_left_com5,0.202456585,0.198440416,0.200181255,0.221003418,0.252974518,0.307943564,0.348021237,0.33612924,0.315479309,0.295156402,0.297380067,0.360968829,0.429917099,0.483692617,0.524661566,0.489184532,0.408941287,0.296779995,0.19958705,0.179866088,0.202344062,0.2723497,0.371116898,0.458994491,0.553087349,0.654760785,0.736265954,0.798674479,0.810395229,0.816299857,0.817542264,0.764242952,0.754010886,0.773861924,0.77667005,0.783560936,0.762667906,0.656920904,0.514292249,0.452976468,0.434244369,0.413231444,0.379227432,0.297262854,0.204935008,0.151373033,0.151933594,0.179992973,0.218779829,0.288419876,0.390873228,0.489844487,0.550981068,0.58488007,0.581020429,0.522414687,0.481439958,0.499001387,0.518000634,0.580163662,0.662377379,0.638484504,0.539694847,0.407237376,0.271091299,0.182424326,0.160864439,0.185685462,0.205826567,0.215171922,,,,,,,,,
Small_cycle,082620_left_com6,0.037917,0.039014374,0.036794662,0.037922655,0.03853687,0.038719763,0.047694722,0.057994683,0.066766077,0.07768925,0.086336135,0.098859325,0.137604406,0.180628995,0.248017181,0.357280286,0.407932037,0.423324353,0.422970719,0.373094086,0.382610166,0.415030332,0.395490532,0.369154271,0.315239165,0.255773701,0.239458602,0.240501644,0.263504937,0.323583615,0.381944583,0.426261442,0.473507918,0.510887438,0.539784577,0.566293783,0.586705403,0.61572976,0.626386677,0.614031401,0.551164989,0.425088625,0.323026176,0.259638456,0.263345755,0.331764512,0.389896325,0.441315319,0.485723459,0.525420619,0.61376848,0.738466719,0.817204826,0.833937246,0.799046884,0.698849448,0.593943263,0.512922153,0.44325494,0.407070568,0.390324576,0.383442531,0.395994166,0.420424582,0.432853059,0.470467291,0.506804108,0.501652002,0.516756195,0.52026937,,,,,,,,,
Small_cycle,093120_left_com1,0.070135307,0.05979515,0.057865504,0.079381109,0.22174364,0.416530026,0.531703056,0.578172875,0.511441467,0.388187725,0.290090205,0.221126115,0.160387185,0.129014694,0.144503176,0.168181304,0.186633494,0.205697724,0.206490595,0.180113676,0.167147073,0.139987384,0.121799068,0.136156195,0.13230162,0.139644945,0.180453022,0.311620764,0.433403972,0.426060467,0.367322788,0.208313679,0.073672102,0.094712954,0.139996244,0.15334575,0.166084283,0.146799577,0.102224241,0.08839858,0.06095215,0.02290716,0.009768928,0.003815839,0.000200767,0.000248442,0.001713458,0.007501175,0.012186406,0.014161594,0.017339325,0.017302608,0.01864837,0.022671069,0.045402308,0.083260142,0.108793648,0.128792585,0.119358222,0.097514866,0.110376146,0.158765223,0.246184076,0.385590392,0.508576291,0.533100607,0.493361375,0.429976089,0.378891593,0.360196342,0.345325563,0.286041197,0.207907078,0.246161523,0.369262889,0.450971838,,,
Small_cycle,093120_left_com2,0.175832137,0.152104252,0.144084653,0.154894447,0.180729381,0.237755763,0.277095103,0.292925109,0.312111273,0.293545908,0.266945553,0.263237547,0.247122326,0.264407392,0.329637236,0.348588764,0.312749124,0.266777339,0.174571807,0.09345013,0.080964384,0.100924449,0.138341013,0.184728072,0.210939404,0.222092845,0.225913738,0.196709407,0.18981563,0.196945637,0.201297155,0.230163809,0.243571195,0.286672912,0.332031912,0.333482527,0.370673692,0.363098803,0.313817183,0.318352305,0.394918563,0.504477495,0.596202521,0.611225125,0.464038643,0.285462091,0.169998711,0.11800119,0.125523206,0.152798732,0.167374674,0.172638529,0.171954078,0.135790462,0.108209083,0.105187019,0.140882088,0.235540886,0.30491296,0.318492738,0.301227397,0.223015108,0.172475871,0.222164079,0.260477284,0.262282031,0.276034807,0.234130857,0.173792305,0.157523702,0.114450164,0.069064309,0.0590952,0.049967395,0.041601184,0.03778594,,,
Small_cycle,093120_left_com3,0.037315498,0.039188308,0.041884196,0.03342187,0.037357162,0.047091811,0.074301238,0.118433306,0.147854345,0.159289023,0.224240029,0.393381257,0.533853262,0.560492302,0.520944781,0.442090005,0.366934096,0.345007888,0.293766629,0.174349821,0.104260151,0.117332857,0.193435112,0.299166846,0.363638148,0.421422034,0.419582796,0.338045902,0.296787425,0.315068543,0.440001706,0.587864948,0.66997705,0.663373331,0.518132932,0.357651834,0.232315671,0.130778055,0.13208586,0.177945398,0.191588112,0.212606222,0.288474189,0.415494175,0.493574324,0.489721538,0.402237766,0.253292978,0.166122632,0.174650853,0.245062399,0.313356418,0.341033189,0.319270237,0.206148388,0.09843807,0.062301458,0.080063391,0.14305286,0.256783268,0.374708181,0.37998616,0.304733315,0.177753054,0.048413612,0.006300469,0.061128835,0.127691357,0.157011544,0.196559798,0.210515884,0.245824745,0.275138563,0.244775039,0.192678521,0.120509317,,,
Small_cycle,093120_left_com4,0.168397196,0.170866882,0.176342785,0.170044728,0.174875823,0.240515918,0.32492547,0.361516501,0.378875227,0.331113838,0.26645466,0.264614643,0.25943423,0.22847392,0.184497227,0.137816975,0.103709911,0.096494367,0.087746096,0.081039197,0.087411592,0.092073829,0.108703838,0.132661322,0.134994579,0.117451895,0.113049258,0.095215852,0.076874079,0.082825474,0.078897454,0.101519828,0.248104399,0.464426378,0.678099263,0.831864792,0.780866743,0.624430555,0.508110019,0.448467736,0.49288432,0.50678754,0.402504181,0.300547211,0.193866791,0.153115594,0.189276359,0.188815437,0.181373608,0.151355082,0.107746836,0.09115354,0.084995913,0.105316971,0.135544797,0.135911681,0.13334218,0.129986324,0.143379406,0.183444804,0.214315531,0.212461714,0.170881365,0.117381336,0.060394988,0.028396494,0.041738612,0.0576094,0.060639308,0.072970604,0.086163923,0.092585665,0.096379196,0.080613946,0.050714714,0.033822222,,,
Small_cycle,093120_left_com5,0.087844956,0.084265355,0.091708297,0.101792846,0.092243738,0.086470263,0.065435007,0.060321784,0.084641466,0.21079686,0.338236992,0.363247768,0.420147791,0.372294014,0.293792759,0.30160002,0.26098182,0.187337546,0.141572141,0.101792474,0.059753552,0.050496605,0.048446432,0.049028212,0.051258446,0.04327785,0.032343867,0.014880491,0.011700018,0.020536427,0.025709236,0.04204242,0.097437133,0.235929405,0.415508205,0.520399818,0.555231044,0.501725856,0.357504508,0.256550497,0.169595022,0.080367773,0.044661156,0.027414213,0.025825739,0.040241277,0.056430599,0.078647946,0.090945462,0.097440178,0.102160963,0.088878359,0.086545767,0.083685646,0.098455353,0.11794795,0.110813219,0.104572565,0.104086756,0.118230766,0.117392843,0.104765372,0.06961731,0.028005579,0.019994885,0.022334517,0.025096699,0.025143326,0.027605812,0.031827343,0.031402308,0.033069369,0.040470432,0.046239497,0.071890736,0.100292382,,,
Small_cycle,093120_left_com6,0.071005248,0.065981833,0.057994689,0.04409402,0.030646974,0.039366345,0.050514732,0.06597728,0.094109293,0.092740427,0.082359224,0.071671707,0.044497307,0.042890401,0.058973588,0.062458725,0.064130414,0.056482887,0.044887919,0.047092257,0.05231071,0.058366137,0.066559148,0.062103018,0.047021253,0.036897779,0.02798431,0.031468379,0.049194511,0.066123819,0.0790844,0.0844405,0.088149707,0.089570074,0.084017087,0.078165417,0.073976302,0.093826587,0.17870024,0.26149343,0.332754518,0.418323085,0.449587474,0.448653046,0.484854138,0.472154411,0.478972911,0.511706904,0.398819774,0.287823395,0.153372572,0.028429182,0.065295493,0.127467032,0.189647376,0.2862162,0.412952386,0.55711955,0.676493352,0.725799646,0.600847896,0.432160859,0.325401137,0.249780709,0.315809265,0.389956987,0.389346427,0.367943103,0.257916261,0.148493471,0.079543159,0.084862705,0.157396797,0.225336792,0.264510871,0.23898878,,,
Small_cycle,093120_right_com1,0.059924914,0.062208249,0.056785366,0.055634591,0.050219381,0.040457765,0.050798241,0.062350354,0.061465444,0.067084897,0.066524521,0.05418589,0.058218678,0.07626792,0.082196892,0.079249825,0.071918432,0.049209757,0.032072985,0.028211605,0.02702827,0.025218318,0.020022484,0.017036742,0.016405888,0.027329126,0.045678316,0.063293347,0.076685704,0.072259099,0.07906147,0.103580056,0.11475445,0.121192143,0.121128563,0.097174365,0.08303143,0.095632677,0.090939296,0.079966093,0.080296398,0.065710723,0.056309323,0.057970253,0.050326259,0.050587868,0.057520899,0.071326281,0.09154476,0.128953119,0.171202537,0.190131493,0.20063428,0.16427895,0.175429497,0.329677114,0.427850408,0.446312565,0.410580905,0.253443249,0.167592621,0.158102791,0.123451535,0.084343425,0.03393245,0.007793295,0.006509346,0.011923239,0.019080863,0.028403172,0.035387093,0.033765703,0.032628703,0.03235813,0.036034849,0.041735138,,,
Small_cycle,093120_right_com2,0.037053897,0.037885333,0.038399106,0.028540339,0.020090606,0.010044289,0.004350979,0.006791255,0.009782225,0.02547445,0.041357389,0.048843402,0.050042108,0.034444272,0.016516,0.021601595,0.037697944,0.044450305,0.044989953,0.030004056,0.013536695,0.010410282,0.04906636,0.104650378,0.137237585,0.164938697,0.14756397,0.104164931,0.076538689,0.053590399,0.049229226,0.07113367,0.144042134,0.243442503,0.285547376,0.288072354,0.247513817,0.18047688,0.174602689,0.180874587,0.272073835,0.412959878,0.422485317,0.43699996,0.391052508,0.258821353,0.216807712,0.171035636,0.114658583,0.110467241,0.116124931,0.150416653,0.196522194,0.206462645,0.204334883,0.182129939,0.147153957,0.139528483,0.147795755,0.176357191,0.200928743,0.186949027,0.179343321,0.158234555,0.150269752,0.182269534,0.184891192,0.17993693,0.215608318,0.231756588,0.242636163,0.339752995,0.341597482,0.271085015,0.251605677,0.172209837,,,
Small_cycle,093120_right_com3,0.118389449,0.100930756,0.084929945,0.049688085,0.014455133,0.009700983,0.014537245,0.025091744,0.076737835,0.194076299,0.273411992,0.288464894,0.27071315,0.21095998,0.177439586,0.181251581,0.211901229,0.232191882,0.239772532,0.253547204,0.231292087,0.19205872,0.151597888,0.111384439,0.069346429,0.03731429,0.029951689,0.030735006,0.033729147,0.043648791,0.051962269,0.105320084,0.21893922,0.308264954,0.359749474,0.353207938,0.293387341,0.236625808,0.203473569,0.177004177,0.125428973,0.0937284,0.139659039,0.301408345,0.428845901,0.432340966,0.360046142,0.185711388,0.072163112,0.078809077,0.112387385,0.13268055,0.126331629,0.11115931,0.074511233,0.051072012,0.054291643,0.06364357,0.099160902,0.161306381,0.256931362,0.377761614,0.527777097,0.656150374,0.657063376,0.569887074,0.413408994,0.242667276,0.205663761,0.231551012,0.227087698,0.243178444,0.211445896,0.147442606,0.117162675,0.084405487,,,
Small_cycle,093120_right_com4,0.041672385,0.039265783,0.032877158,0.021726881,0.007098255,0.000541285,0.004806435,0.011614919,0.014220094,0.015919481,0.015297412,0.018967955,0.024558353,0.023704661,0.031969727,0.03398176,0.026374694,0.025911426,0.01494617,0.006959372,0.011251887,0.015387762,0.021462923,0.021472854,0.016977703,0.012459105,0.005165996,0.000783616,0.000591386,0.001330376,0.003702028,0.016216223,0.029560115,0.034086831,0.036089293,0.026412288,0.013911615,0.009253658,0.00561154,0.003240227,0.002558734,0.002090027,0.001299387,0.000717668,0.000388183,0.000308489,0.000342619,0.00044118,0.000515778,0.000518155,0.00049657,0.000698147,0.004929443,0.019705866,0.030476534,0.030633745,0.026964827,0.015340071,0.009635681,0.012792929,0.022599985,0.085457824,0.162756668,0.197040086,0.200825,0.207242169,0.203722048,0.175049288,0.178527466,0.150353349,0.099349706,0.090284509,0.087043062,0.125353276,0.290669858,0.451797551,,,
Small_cycle,093120_right_com5,0.097048293,0.100855346,0.111926389,0.123527779,0.144686028,0.13782897,0.148138119,0.198067876,0.271655566,0.382918928,0.528697242,0.618721841,0.575897287,0.468805689,0.314645959,0.219251547,0.217236032,0.219529588,0.204337228,0.13704513,0.095571979,0.090192362,0.080463014,0.087006018,0.086418366,0.081984416,0.080438872,0.074486706,0.070389803,0.082748117,0.11912607,0.164503763,0.200801014,0.213479409,0.193010213,0.158843716,0.145580085,0.142481272,0.136659027,0.137076011,0.121582188,0.097731139,0.087013272,0.075551522,0.068124583,0.066470282,0.059253432,0.055161325,0.047112928,0.034796792,0.034553062,0.033787172,0.02795964,0.026811657,0.026095948,0.025861662,0.049689479,0.081274607,0.102868703,0.122121442,0.112609938,0.099309579,0.087215463,0.075817396,0.084350026,0.076853797,0.069648233,0.063137961,0.042341059,0.036160682,0.038419034,0.03690798,0.039672031,0.04004228,0.034624962,0.033350343,,,
Small_cycle,093120_right_com6,0.052902056,0.053441267,0.050240495,0.036742135,0.021559705,0.008296928,0.00241789,0.008438038,0.039203433,0.089893558,0.128392807,0.163620098,0.172079138,0.147564071,0.121907221,0.089985995,0.064874238,0.048473674,0.04677333,0.056822817,0.060305922,0.060136519,0.052969928,0.03850489,0.0232158,0.013752894,0.007984412,0.003991131,0.002772057,0.002446197,0.005240049,0.038806262,0.096332608,0.194240734,0.320284443,0.416608738,0.460723869,0.40473021,0.313089259,0.297755723,0.41111362,0.49697104,0.463380333,0.388222311,0.290807055,0.249113756,0.253043576,0.212818382,0.094037654,0.008059852,0.000677892,0.000307526,0.000320333,0.000179376,0.004514802,0.009225943,0.020350479,0.045419498,0.160179739,0.279768306,0.312873191,0.355229352,0.317554751,0.255263647,0.270488243,0.282261785,0.272613181,0.299477344,0.325180755,0.278522042,0.228386004,0.155425617,0.090236466,0.076857501,0.055302332,0.046302745,,,
Small_cycle_mean,Small_cycle_mean,0.106932846,0.10182185,0.100612587,0.101177146,0.113994716,0.144120332,0.172772509,0.194639752,0.213354734,0.231755967,0.261272456,0.288402193,0.293524017,0.279190562,0.252648817,0.234955832,0.222379727,0.205304113,0.1842966,0.159267973,0.145393831,0.142436561,0.147920713,0.158614529,0.164611142,0.175360473,0.185845804,0.189319345,0.200911004,0.218400152,0.242200254,0.268840016,0.299364486,0.33264963,0.348595865,0.351189551,0.337835908,0.30840501,0.280259481,0.259340904,0.259436033,0.258054831,0.244133418,0.242559399,0.234642817,0.221867854,0.219904409,0.209988508,0.194881584,0.199417561,0.218583613,0.234308968,0.243849135,0.247160329,0.246175687,0.248457099,0.254386572,0.261661111,0.274663407,0.290966203,0.30023624,0.297857224,0.281982615,0.268412041,0.262759531,0.252950872,0.242526136,0.224497387,0.207799809,0.194708525,0.171104717,0.158517621,0.142124174,0.132186083,0.148004939,0.151014298,,,
Small_constant,091120_left_com1,0.020239751,0.0187885,0.016284546,0.011981315,0.00632645,0.006675546,0.010055932,0.014376337,0.023146896,0.032158536,0.048878292,0.070193276,0.100024507,0.124762683,0.167753853,0.214478846,0.276387245,0.386415974,0.491972994,0.643518587,0.737115005,0.719243198,0.714482851,0.614467255,0.455822403,0.352040105,0.203662026,0.091637916,0.057202491,0.0357353,0.027672005,0.053832867,0.140543727,0.316737625,0.458721542,0.531547285,0.558159975,0.448358783,0.345589227,0.249754251,0.154050376,0.117921518,0.10923279,0.128424643,0.188534884,0.293571195,0.391572092,0.432539387,0.378782174,0.254965082,0.129190125,0.071917891,0.114023461,0.162717148,0.178049756,0.22559492,0.236194836,0.234445958,0.28904437,0.296018438,0.262879648,0.220916718,0.150460208,0.087540782,0.052005499,0.053894627,0.071634506,0.074473782,0.072957379,0.05622785,0.027800652,0.017592771,,,,,,,
Small_constant,091120_left_com2,0.362986825,0.337839867,0.360554783,0.421883544,0.480561506,0.511800255,0.44313929,0.330573382,0.271321335,0.227929791,0.196864909,0.1703893,0.174798649,0.256906109,0.36996036,0.50516692,0.587768872,0.579584978,0.547991393,0.464637176,0.429173904,0.444717994,0.44490208,0.461192808,0.421021215,0.36342612,0.323327302,0.293246096,0.31288597,0.301871988,0.27617843,0.289590808,0.285150181,0.316006856,0.396371518,0.407902006,0.401393635,0.400126639,0.345785184,0.323673545,0.308083714,0.265233948,0.229117119,0.25169281,0.264289632,0.263329896,0.298649938,0.306154416,0.370007848,0.472749728,0.598756136,0.670847909,0.600842296,0.525559634,0.401374357,0.273514881,0.2525649,0.231622462,0.301557125,0.436039242,0.472505045,0.464520849,0.423338541,0.389279532,0.454403502,0.570762317,0.686562581,0.719970178,0.649023519,0.556894019,0.44214766,0.382298328,,,,,,,
Small_constant,091120_left_com3,0.366665317,0.39484233,0.434497696,0.551988969,0.692043648,0.652079618,0.521317807,0.364388649,0.251244401,0.224499407,0.246457564,0.260291861,0.246319288,0.25316986,0.22264519,0.179566547,0.118143077,0.067336335,0.10898223,0.216262333,0.297505314,0.299334272,0.246133298,0.140441009,0.065975229,0.05406003,0.06718168,0.120660489,0.171821863,0.190563389,0.186358427,0.15743806,0.131871271,0.125016185,0.133085316,0.117083594,0.097169304,0.101366437,0.101812936,0.105496697,0.113787527,0.110856314,0.097695372,0.085184225,0.063243917,0.041747526,0.030465608,0.021781823,0.025722914,0.035438663,0.052756707,0.104674954,0.137588134,0.133261003,0.115123161,0.065237831,0.04883786,0.068071598,0.080550334,0.086342529,0.106102813,0.151195519,0.169560873,0.186291436,0.166337424,0.114621437,0.130736179,0.175636296,0.191471585,0.172540624,0.126347235,0.071263138,,,,,,,
Small_constant,091120_left_com5,0.593110991,0.58310244,0.538319814,0.486908949,0.416643725,0.350154302,0.29629421,0.277178257,0.360777393,0.541884426,0.640673698,0.669143985,0.659969742,0.55953729,0.539482878,0.501684941,0.387705706,0.352980719,0.423038968,0.506664402,0.482950956,0.374939341,0.204011434,0.057872455,0.017368745,0.023275215,0.028081836,0.031140909,0.035157695,0.029469716,0.020313657,0.017772156,0.026420174,0.046254551,0.062301647,0.076126412,0.095127954,0.101576991,0.119919902,0.137989826,0.128810285,0.119254552,0.143858839,0.184556078,0.190758532,0.191095019,0.170874296,0.158445948,0.215703343,0.326041097,0.366878009,0.382835977,0.397539826,0.31449765,0.277384129,0.234998252,0.16384538,0.159097973,0.166833661,0.172196151,0.191053096,0.187997058,0.170714523,0.182742722,0.175481785,0.149566632,0.14397725,0.125315076,0.15338408,0.237998161,0.271272734,0.29225529,,,,,,,
Small_constant,091120_left_com6,0.212206066,0.211907526,0.233008318,0.272335108,0.288952019,0.266705699,0.240367881,0.217272672,0.243364006,0.353412554,0.441173336,0.495647827,0.546167007,0.535022433,0.457767644,0.3535157,0.253998716,0.187871514,0.183193437,0.307878982,0.442377809,0.498568814,0.579118367,0.524997174,0.412798993,0.325076794,0.183473499,0.121950322,0.111950439,0.124721104,0.174951837,0.195590588,0.244544558,0.288320321,0.275968613,0.276352476,0.218126511,0.174241916,0.246871557,0.277723628,0.297122107,0.3230831,0.260892705,0.245665507,0.239258011,0.202839677,0.186066263,0.158540206,0.151823315,0.161631788,0.178275602,0.218889798,0.239446046,0.240833769,0.265664744,0.261706982,0.277877438,0.308841534,0.279403202,0.230662483,0.169181906,0.116795986,0.093273332,0.076336735,0.167030833,0.319543279,0.376177864,0.3967444,0.422690031,0.360334084,0.32653701,0.382205237,,,,,,,
Small_constant,091120_right_com1,0.112179866,0.112609826,0.11671875,0.109314948,0.098160994,0.099242448,0.11269735,0.13196851,0.17189481,0.220866214,0.253051317,0.281577137,0.264047985,0.202441983,0.158706803,0.127027169,0.132327663,0.152775766,0.171029158,0.205315368,0.213667667,0.326386837,0.495363383,0.574374981,0.617105193,0.543111206,0.361790868,0.223329669,0.152686108,0.113882566,0.110762543,0.137806139,0.164609216,0.163334483,0.16132518,0.149706301,0.105314203,0.07751766,0.065125935,0.072682393,0.100195186,0.113848592,0.104404256,0.089084146,0.088130203,0.124136889,0.154239957,0.157030566,0.153076186,0.116519713,0.121795643,0.137350896,0.112799335,0.099595604,0.072005679,0.062206665,0.091108576,0.117252674,0.117235823,0.104721545,0.088627222,0.067841884,0.068421057,0.115727483,0.171302599,0.220630584,0.285595728,0.293357727,0.273187004,0.297540282,0.280615861,0.255592967,,,,,,,
Small_constant,091120_right_com2,0.134183907,0.133610856,0.112139026,0.082740303,0.035385416,0.008798522,0.010661422,0.015678905,0.025301874,0.033483887,0.04388806,0.047365879,0.036846387,0.026962347,0.034348006,0.060341469,0.083000879,0.12460725,0.143146949,0.173929118,0.252556398,0.374357395,0.472572412,0.423092299,0.362464431,0.274943175,0.178907818,0.188678132,0.183762527,0.1247773,0.132271777,0.15151978,0.117681013,0.100032714,0.054773069,0.024134606,0.05177419,0.082936298,0.097511626,0.089727319,0.061086594,0.03199654,0.016037558,0.010432814,0.010603181,0.008573669,0.006077616,0.007516362,0.009399101,0.009118599,0.007706115,0.004228645,0.001126982,0.000362859,0.000484004,0.000744472,0.000788243,0.000766221,0.00148536,0.008143336,0.016389941,0.020882065,0.03536453,0.047068823,0.044886081,0.041992407,0.027620575,0.009263174,0.003436557,0.002030489,0.001091136,0.001121179,,,,,,,
Small_constant,091120_right_com3,0.327654053,0.33646524,0.320300359,0.331888114,0.376544737,0.392595589,0.396873135,0.390435849,0.342190008,0.328540371,0.402876493,0.43130878,0.464629749,0.474220692,0.363151041,0.289065053,0.247912169,0.21798261,0.256955195,0.378889516,0.457867412,0.545437839,0.69833441,0.700653592,0.7154602,0.68417136,0.500286478,0.394901031,0.254458042,0.18260976,0.222693361,0.211745717,0.217926527,0.227691449,0.203844588,0.190651401,0.187281037,0.135324808,0.079530721,0.058084397,0.042205217,0.033427417,0.036262743,0.030479859,0.017965084,0.046989046,0.090087575,0.108359858,0.112787776,0.077330132,0.030066653,0.007946056,0.001660939,0.00274829,0.003154256,0.003273428,0.001899283,0.009738147,0.028205762,0.037747164,0.041349618,0.036032146,0.017164851,0.008132257,0.005444576,0.006212203,0.025434539,0.062598854,0.084910915,0.081602463,0.072654128,0.052869178,,,,,,,
Small_constant,091120_right_com4,0.070614981,0.066753971,0.075450038,0.11775632,0.160246016,0.171845548,0.149783434,0.106262098,0.070062743,0.070031068,0.092108325,0.100033351,0.094177195,0.072584488,0.049552931,0.04093236,0.044071555,0.051541858,0.048731191,0.052158858,0.056458423,0.053535957,0.055230496,0.045916643,0.035447257,0.031800124,0.027883446,0.021210794,0.02074168,0.028754978,0.031221334,0.032614165,0.03465525,0.049457365,0.075605961,0.090110783,0.096787797,0.092091267,0.08262153,0.091230453,0.090182605,0.069227278,0.047289743,0.022364283,0.008551593,0.012210891,0.019341497,0.025901615,0.084470595,0.259573027,0.435009316,0.532773416,0.5705703,0.464492316,0.315499386,0.234873997,0.162107779,0.122011284,0.148842514,0.221320624,0.292474978,0.333695497,0.348045094,0.306880372,0.268891689,0.283581797,0.274646267,0.260299713,0.239978694,0.175805769,0.129996509,0.110622544,,,,,,,
Small_constant,091120_right_com5,0.034751198,0.02877713,0.030569246,0.086950992,0.155564751,0.195322062,0.257803254,0.274002002,0.349014059,0.547455375,0.607648908,0.597937827,0.615321763,0.503630145,0.467898248,0.504211472,0.393326076,0.315692898,0.25207101,0.160870207,0.124418697,0.097616836,0.091879618,0.108326689,0.120527148,0.10130172,0.070656213,0.054545881,0.059252762,0.08928065,0.118043111,0.125909451,0.130497174,0.137009772,0.134836978,0.134259898,0.126456053,0.101827657,0.081265186,0.062643449,0.04591783,0.037809246,0.036551882,0.03493331,0.024983026,0.017582802,0.010522248,0.069782019,0.157876218,0.18218566,0.186814384,0.141801831,0.075231143,0.148043226,0.2493207,0.245165842,0.230488467,0.177234521,0.116329306,0.134491175,0.15918983,0.127756781,0.089513745,0.060397752,0.035216549,0.028306947,0.026405149,0.024149019,0.017433268,0.019152685,0.025014907,0.028526224,,,,,,,
Small_constant,091120_right_com6,0.25435207,0.257059652,0.292023852,0.398163223,0.449717152,0.46830199,0.453506883,0.38610692,0.429639878,0.50072284,0.519266238,0.608026838,0.644340207,0.600298556,0.535059529,0.444141919,0.468137652,0.508442285,0.516709559,0.503670279,0.399454943,0.309490494,0.265719381,0.236245536,0.181721497,0.190755032,0.29692678,0.34792024,0.427046765,0.54341544,0.550451004,0.604207282,0.702253776,0.632228637,0.509941366,0.361150489,0.139840051,0.017153625,0.001990576,2.50E-05,4.99E-05,0.005044028,0.010593101,0.01112312,0.012483722,0.027053137,0.041671379,0.048550967,0.056880781,0.047098793,0.04933045,0.075651569,0.088486545,0.08774967,0.072686525,0.048462733,0.03543721,0.032639097,0.027583324,0.018129128,0.009917877,0.00583501,0.007140019,0.014649959,0.02181277,0.026424914,0.028057732,0.023070452,0.0170486,0.02147133,0.026866805,0.028881918,,,,,,,
Small_constant,100520_left_com1,0.080506406,0.081163533,0.075416758,0.073318913,0.076238097,0.083408108,0.096845325,0.098521492,0.109594481,0.136278119,0.13775294,0.12271136,0.104776968,0.075990421,0.064049536,0.086178371,0.10585008,0.102570747,0.109774555,0.112531542,0.097175198,0.110272049,0.110192568,0.08541116,0.080428405,0.084642375,0.107409489,0.141634347,0.157452382,0.165213246,0.179556083,0.220247915,0.29722038,0.341336088,0.382856993,0.397350496,0.325386541,0.268626107,0.209009767,0.163740999,0.160566824,0.161430815,0.158030591,0.131312218,0.105558383,0.079595033,0.05035347,0.040906301,0.049433677,0.06905902,0.103647272,0.130466418,0.135053293,0.128032029,0.113302586,0.10353321,0.117135449,0.138642657,0.143953107,0.138688686,0.175521133,0.256823625,0.362473114,0.46786471,0.50759547,0.570833084,0.610556136,0.601469362,0.590670806,0.480135549,0.415185111,0.481488982,0.551639578,,,,,,
Small_constant,100520_left_com2,0.135638291,0.136981817,0.134964263,0.137155278,0.171302902,0.263555266,0.324952277,0.33597691,0.325878456,0.26822373,0.250851839,0.23328471,0.214170781,0.241956253,0.317728719,0.425749895,0.442764922,0.37746596,0.25122555,0.126919975,0.088194607,0.071333231,0.071579941,0.095015764,0.116011786,0.144153577,0.200406146,0.278088074,0.346036129,0.387908445,0.374816071,0.308135252,0.225553601,0.169351157,0.146222431,0.156636911,0.291711655,0.406257696,0.398415504,0.391018573,0.327083557,0.343786603,0.414343691,0.406919626,0.389450233,0.311500201,0.264662732,0.280558275,0.277337878,0.260525993,0.246490578,0.20779271,0.134799773,0.070818965,0.028548029,0.014053662,0.019775987,0.056548086,0.089266106,0.089194717,0.086817241,0.071286293,0.099055441,0.171082375,0.218248565,0.227225044,0.179357295,0.107559482,0.071685193,0.056783021,0.064180337,0.113082744,0.143900755,,,,,,
Small_constant,100520_left_com3,0.275290343,0.259154712,0.282828474,0.342934399,0.435179977,0.500815332,0.500294496,0.507488318,0.472210167,0.425965244,0.401225011,0.336310169,0.301174987,0.290886129,0.274044382,0.266155062,0.260147954,0.268601473,0.270180171,0.246142826,0.262260491,0.324481948,0.393960178,0.47674741,0.493447954,0.446730248,0.406053294,0.359898539,0.348971744,0.364035982,0.351060029,0.346419982,0.336321218,0.338611318,0.39356457,0.437748202,0.490567263,0.522137242,0.49993541,0.468288116,0.39791107,0.333919351,0.307594953,0.292783079,0.297936326,0.300659999,0.271020486,0.231974738,0.19710402,0.151952681,0.140882958,0.164429892,0.182925701,0.219059656,0.250121358,0.258691362,0.262136178,0.245153777,0.20852709,0.182940175,0.190568999,0.200266008,0.190436759,0.191958976,0.189455049,0.172604442,0.173572039,0.153038364,0.133282888,0.174283599,0.282941194,0.472099384,0.614543021,,,,,,
Small_constant,100520_left_com4,0.15495269,0.153709571,0.148775009,0.13259328,0.103705248,0.113673117,0.15551901,0.23994069,0.310049863,0.283240808,0.257327374,0.215906826,0.172806097,0.176788348,0.256194887,0.387545907,0.533981403,0.74016229,0.790450418,0.668479294,0.578358726,0.447116563,0.344302601,0.344653603,0.348732316,0.340837921,0.349109639,0.372729832,0.33241183,0.282592013,0.25560917,0.212530352,0.17275962,0.154906028,0.13600558,0.117253106,0.123986278,0.127377046,0.113708565,0.09511664,0.094772867,0.115060278,0.161500407,0.201442538,0.212118558,0.201207327,0.159314351,0.118809448,0.104782179,0.095371895,0.085170822,0.078830059,0.069726883,0.062756288,0.07140865,0.086500453,0.087195045,0.091336085,0.104488375,0.100223166,0.103287031,0.119129318,0.130995336,0.173926102,0.215034741,0.216763002,0.219554798,0.198862848,0.161291791,0.133095918,0.095035208,0.069387346,0.062372069,,,,,,
Small_constant,100520_left_com5,0.081833552,0.074856561,0.082570576,0.096776316,0.100539906,0.104054696,0.09151045,0.080930841,0.088528687,0.097710381,0.103486913,0.102937173,0.097412134,0.097493181,0.11237043,0.175649284,0.340721328,0.545222291,0.721225392,0.782462824,0.675433328,0.535715095,0.447777647,0.42170252,0.45156786,0.471414154,0.408751671,0.33018744,0.266201616,0.210035945,0.254316709,0.315494627,0.328742353,0.360644063,0.394271053,0.421510545,0.455176913,0.442522596,0.346097883,0.264434779,0.230015509,0.209861711,0.226682227,0.241883894,0.25152895,0.266064967,0.264053471,0.251687504,0.229032996,0.216875852,0.22231031,0.222194455,0.22055474,0.215883816,0.198085326,0.188016652,0.193447962,0.212462158,0.242630089,0.256618744,0.242145986,0.208105799,0.173121424,0.153642086,0.142364355,0.11894506,0.09107941,0.08663553,0.098777705,0.115202797,0.122075444,0.095191132,0.072247971,,,,,,
Small_constant,100520_left_com6,0.070720503,0.072061591,0.078746114,0.087807589,0.092449884,0.090465192,0.084357415,0.075567846,0.105269575,0.135670407,0.124993361,0.131358002,0.10443728,0.087631646,0.18552475,0.253044663,0.249684734,0.253510967,0.190996807,0.130173045,0.147546094,0.203782231,0.248811017,0.27350037,0.274478131,0.208879462,0.220264766,0.267343198,0.270108163,0.264106392,0.171503817,0.080880506,0.070046514,0.073648641,0.075842847,0.112910773,0.171819181,0.238282924,0.393020937,0.548284439,0.632632489,0.675024855,0.591978853,0.47701394,0.399549483,0.432125047,0.552212005,0.565487163,0.52783945,0.455466461,0.321611445,0.27293213,0.260416882,0.208135708,0.251699116,0.298035088,0.300225341,0.326573449,0.280539032,0.252219159,0.290702131,0.281715597,0.240218649,0.205002416,0.166954729,0.203429097,0.305342975,0.339931528,0.321634372,0.258001627,0.170284799,0.139909002,0.148149882,,,,,,
Small_constant,100520_right_com1,0.095519458,0.086319103,0.094143169,0.113372351,0.114941542,0.107544011,0.076996866,0.032714755,0.015236073,0.014945757,0.025882577,0.036476496,0.033669311,0.028126091,0.01633548,0.009173958,0.011578071,0.013793685,0.015396862,0.012742054,0.011209481,0.03251476,0.055311587,0.062642672,0.066673677,0.045247801,0.026342067,0.028690067,0.028177107,0.026427843,0.020801227,0.011096975,0.00752969,0.009259562,0.028822208,0.121659827,0.209806126,0.252144135,0.269878339,0.246646035,0.264749865,0.322042334,0.357615737,0.325379066,0.238216202,0.263324855,0.356535729,0.396353116,0.419840021,0.316287679,0.171491627,0.100045726,0.082516088,0.117254443,0.1285332,0.138139223,0.132140967,0.111240154,0.117665025,0.13395008,0.145123767,0.126730934,0.136097885,0.160263807,0.153579031,0.143493391,0.094333117,0.036995463,0.014484455,0.01034284,0.010546137,0.014352452,0.017690694,,,,,,
Small_constant,100520_right_com2,0.034123461,0.033458861,0.043726757,0.061938854,0.095208144,0.134937759,0.174105207,0.291010754,0.383240707,0.378365485,0.384199749,0.371701406,0.412901146,0.570518571,0.703262875,0.72493507,0.685695417,0.58268375,0.466120365,0.445287766,0.477610073,0.526160589,0.588080689,0.60035655,0.54902366,0.502440181,0.471180493,0.429460864,0.392289119,0.364923542,0.344829295,0.349988817,0.382899286,0.41480065,0.405007198,0.372641123,0.433969129,0.555736007,0.647784119,0.713942629,0.711896511,0.664470483,0.639970998,0.624186087,0.610352187,0.65296881,0.694900077,0.726215058,0.739654466,0.685165162,0.6353936,0.626527488,0.570511998,0.43929568,0.332818913,0.259953256,0.258701894,0.33316938,0.371879773,0.333771693,0.294903722,0.282860996,0.282531302,0.301699232,0.274095609,0.223529272,0.18829136,0.180170928,0.221799316,0.275240557,0.318814297,0.326268926,0.308258881,,,,,,
Small_constant,100520_right_com3,0.329446123,0.307778532,0.275854732,0.213444213,0.117081471,0.102961095,0.155894061,0.195282152,0.206567824,0.179795234,0.106808219,0.044883058,0.02682436,0.02157376,0.014975848,0.021295186,0.036508339,0.042509449,0.046577944,0.051147091,0.044710061,0.034038498,0.085684173,0.135451936,0.131276515,0.174977059,0.170242822,0.117868669,0.112876694,0.105941175,0.200544547,0.302685878,0.387616056,0.467461649,0.367075073,0.26852193,0.181306648,0.101908085,0.216809351,0.327858027,0.33088059,0.301990289,0.148948067,0.048479592,0.106747443,0.16884616,0.260902283,0.391777357,0.53935733,0.670051515,0.704420816,0.60936047,0.455722468,0.312487963,0.187751378,0.165469023,0.266744113,0.326857556,0.318801622,0.282299474,0.127567662,0.010692038,0.008802694,0.005957878,0.00896818,0.017938496,0.022010359,0.021305819,0.016373223,0.007908967,0.042318653,0.134005628,0.204251298,,,,,,
Small_constant,100520_right_com4,0.049346963,0.047336055,0.043904053,0.043583793,0.056394179,0.077561696,0.097937698,0.117536685,0.124492971,0.140253684,0.155976854,0.200371151,0.339885939,0.496045495,0.671281677,0.824672377,0.877340079,0.830225419,0.667255811,0.579038009,0.528629184,0.440503826,0.433573264,0.396325135,0.34549068,0.370447458,0.397052409,0.359079855,0.292334154,0.270951111,0.274447924,0.256211667,0.217042937,0.157066166,0.082190391,0.036173543,0.032895335,0.038323278,0.046351764,0.072416779,0.093090282,0.104514806,0.125295502,0.183894701,0.248064652,0.299559711,0.361301487,0.350111135,0.350832879,0.373558791,0.367207304,0.438582556,0.456380965,0.404904248,0.359290355,0.267927044,0.234897002,0.270373372,0.282964559,0.25839351,0.188575472,0.12584752,0.10221956,0.086605752,0.07837165,0.090680759,0.092007539,0.082020458,0.077928777,0.044978383,0.022364364,0.05439813,0.087105793,,,,,,
Small_constant,100520_right_com5,0.195256898,0.21537619,0.197211722,0.206026087,0.176544768,0.128111568,0.186508977,0.356027746,0.451725669,0.436102424,0.349717851,0.144638961,0.016716396,0.009483556,0.005589114,0.003687784,0.005095209,0.013013724,0.032574307,0.066274797,0.100640233,0.195392976,0.332350842,0.444150929,0.55965215,0.576432839,0.504190947,0.416912365,0.288168326,0.182187014,0.125265883,0.162848804,0.243193343,0.26283546,0.246181381,0.160066087,0.070291109,0.048085251,0.037849184,0.027304078,0.012572129,0.00736951,0.016736797,0.022234094,0.045343001,0.115209807,0.240595812,0.390889825,0.470475053,0.46268066,0.380485241,0.2553578,0.192783847,0.16235638,0.153028766,0.190161353,0.226259384,0.292969987,0.352361324,0.343739342,0.328354669,0.290774259,0.223676439,0.176024173,0.128729106,0.093047507,0.148615887,0.210839966,0.23828628,0.278825787,0.249552051,0.226775321,0.236548136,,,,,,
Small_constant,100520_right_com6,0.281430729,0.254240123,0.257818838,0.228158669,0.174231278,0.18174192,0.163872051,0.167238325,0.208276557,0.202028159,0.200809389,0.20270816,0.22349274,0.243708699,0.257671692,0.273937378,0.262843922,0.256654301,0.254281767,0.243363008,0.268155745,0.3198506,0.323152687,0.303822631,0.238033932,0.161371958,0.12261238,0.078577417,0.055432329,0.041552119,0.049672783,0.086687344,0.10164777,0.112427024,0.137266787,0.169504669,0.214103389,0.242601736,0.251397611,0.251553511,0.227346282,0.193255075,0.161098846,0.111517148,0.128349182,0.175731651,0.159474132,0.143046834,0.110102095,0.101332606,0.153643757,0.249878372,0.421123872,0.551574215,0.602621182,0.618671331,0.54862341,0.512921871,0.542343293,0.517446019,0.507912028,0.513267781,0.477537414,0.461162152,0.436853144,0.342267666,0.280373554,0.286608629,0.300165365,0.303019942,0.257929986,0.205627016,0.154021421,,,,,,
Small_constant_mean,Small_constant_mean,0.185783063,0.182791043,0.184601169,0.20039224,0.21191147,0.217928319,0.217447584,0.217673048,0.232131671,0.251285387,0.260518227,0.255443632,0.256300462,0.258684293,0.271537212,0.290093797,0.295869177,0.303115054,0.302603567,0.307754654,0.311889989,0.316730058,0.334892388,0.327276571,0.306979538,0.281371127,0.244599742,0.220421398,0.203366345,0.192650305,0.193623523,0.201358919,0.215944593,0.228888599,0.228786187,0.223087064,0.220802186,0.216370617,0.217316644,0.219114589,0.209783016,0.202627332,0.191379686,0.180912468,0.180087669,0.195474927,0.218908456,0.234018257,0.249231404,0.252216548,0.247362386,0.248057262,0.240079631,0.220540024,0.201215459,0.184562246,0.180366639,0.190433478,0.200543051,0.201534634,0.19526747,0.183520421,0.173920121,0.175227718,0.177524475,0.184186694,0.19486708,0.194361611,0.190082687,0.179105076,0.164416183,0.180973243,0.200458067,,,,,,
